RegionName,California,Texas,New York,Florida,Illinois,Pennsylvania,Ohio,Michigan,Georgia,North Carolina,New Jersey,Virginia,Washington,Massachusetts,Indiana,Arizona,Tennessee,Missouri,Maryland,Wisconsin,Minnesota,Colorado,Alabama,South Carolina,Louisiana,Kentucky,Oregon,Oklahoma,Connecticut,Iowa,Mississippi,Arkansas,Kansas,Utah,Nevada,New Mexico,West Virginia,Nebraska,Idaho,Hawaii,Maine,New Hampshire,Rhode Island,Montana,Delaware,South Dakota,Alaska,North Dakota,Vermont,District of Columbia,Wyoming
Apr-96,92924,53373,62571,57095,67572,48924,47000,43183,53139,56925,92916,65098,88246,93454,50711,68701,44583,44195,87369,59966,59236,88089,35274,48249,41177,36803,84475,29526,86733,41714,38285,29970,37219,105476,102252,,26340,46106,73557,141239,56171,64151,83923,,80881,52580,74755,,65405,93748,
May-96,92641,53388,62416,57128,67581,48790,47139,43444,53293,57087,92725,65031,88316,93575,50891,69036,44803,44295,87246,60120,59209,88513,35329,48363,41276,36912,84887,29641,86531,41795,38379,30038,37326,105808,102210,,26393,46196,73455,140226,56049,64193,83628,,80803,52312,74806,,65222,93046,
Jun-96,92409,53430,62262,57182,67759,48721,47269,43667,53490,57326,92564,64970,88506,93852,51067,69311,45048,44384,87142,60393,59343,88945,35416,48546,41383,37029,85355,29725,86495,41871,38549,30087,37459,106182,102153,,26406,46545,73381,139097,55889,64427,83353,,80961,52376,75213,,65049,92363,
Jul-96,92352,53457,62131,57246,67809,48683,47391,43851,53692,57620,92470,64919,88792,94156,51164,69605,45316,44474,87108,60705,59550,89415,35560,48602,41470,37154,85917,29814,86611,41973,38769,30151,37576,106582,102159,,26380,46902,73396,138133,55738,64747,83158,,81468,52576,75469,,64902,91913,
Aug-96,92388,53552,62074,57307,67949,48748,47547,44043,53890,57978,92403,64961,89025,94653,51298,69895,45564,44541,87104,61048,59843,89955,35754,48724,41710,37292,86436,29902,86887,42074,38915,30251,37724,106979,102534,,26373,47350,73431,137334,55798,65048,83107,,81943,52728,75755,,64827,91698,
Sep-96,92493,53697,62093,57370,68191,48824,47718,44273,54083,58266,92381,65032,89314,95021,51504,70198,45773,44653,87184,61381,60143,90559,35885,48771,41952,37428,86940,29995,86934,42177,38998,30348,37815,107319,103068,,26403,47624,73551,136734,55993,65313,83292,,82526,52822,75883,,64779,91629,
Oct-96,92584,53895,62157,57476,68497,48980,47892,44500,54271,58553,92430,65199,89635,95475,51725,70499,45955,44777,87309,61725,60471,91156,36006,48955,42239,37563,87491,30118,86834,42294,39057,30497,37932,107732,103580,,26458,47908,73683,135945,56395,65526,83566,,83023,52849,75920,,64759,91615,
Nov-96,92620,54056,62220,57612,68792,49130,48083,44782,54499,58852,92624,65315,90046,95845,51887,70821,46160,44932,87450,62038,60802,91726,36045,49130,42414,37742,88122,30239,86535,42470,39171,30593,38004,108123,103727,,26539,48169,73850,135384,56568,65710,83825,,83316,53116,75904,,64892,91628,
Dec-96,92684,54208,62285,57771,69067,49311,48284,45088,54740,59173,92928,65443,90444,96227,51999,71184,46381,45046,87556,62340,61078,92270,36140,49348,42676,37941,88803,30361,86645,42734,39280,30702,38086,108535,104090,,26605,48282,74056,134923,56678,65955,83974,,83483,53329,76035,,65098,91699,
Jan-97,92834,54312,62367,57943,69306,49444,48500,45386,54999,59518,93290,65560,90860,96394,52084,71557,46614,45142,87659,62626,61342,92810,36165,49543,42898,38133,89491,30449,86657,42918,39335,30788,38117,109009,104573,,26689,48393,74315,134583,56609,66227,84378,,83569,53666,76056,,65477,91841,
Feb-97,92979,54382,62532,58088,69528,49494,48680,45685,55240,59800,93481,65674,91214,96504,52001,71896,46831,45252,87764,62857,61601,93244,36198,49723,43103,38249,90105,30538,87013,42996,39405,30921,38212,109423,105099,,26796,48520,74561,134187,56705,66589,84466,,83751,53482,76187,,65565,92151,
Mar-97,93106,54412,62697,58199,69648,49505,48832,45988,55467,60084,93638,65727,91564,96586,51992,72130,47045,45383,87823,63040,61881,93635,36222,49875,43228,38351,90695,30612,86664,42974,39465,31036,38326,109670,105164,,26938,48811,74635,133565,56822,66943,84477,,83884,53295,76223,,65626,92613,
Apr-97,93146,54401,62769,58270,69690,49501,48951,46287,55682,60328,93705,65732,91892,96788,51865,72311,47251,45494,87740,63132,62124,94005,36361,49995,43366,38431,91170,30694,86444,42955,39595,31155,38417,109720,105276,,27104,49071,74561,132804,57065,67248,84160,,84012,53123,76368,,65492,92829,
May-97,93310,54401,62721,58360,69910,49547,49079,46523,55904,60575,93945,65748,92316,97077,51727,72485,47453,45622,87616,63253,62360,94447,36545,50151,43561,38565,91651,30786,86165,42981,39724,31253,38538,109963,105336,,27213,49300,74598,132166,57296,67428,84242,,84041,53765,76565,,65574,92757,
Jun-97,93531,54450,62658,58451,70062,49604,49230,46703,56140,60814,94208,65813,92615,97494,51579,72671,47630,45785,87530,63339,62596,94891,36738,50348,43750,38711,92135,30935,86166,43028,39884,31343,38678,110353,105540,,27280,49511,74853,131662,57610,67553,84439,,84073,54345,76767,,65815,92501,
Jul-97,93975,54530,62714,58557,70220,49688,49406,46930,56422,61072,94523,65893,92953,97962,51535,72911,47817,45980,87629,63460,62923,95333,36901,50578,43961,38876,92654,31083,86373,43158,40006,31399,38931,110867,105663,,27302,49744,75281,131277,57866,67708,84703,,84179,55056,76988,,66206,92423,
Aug-97,94465,54651,62835,58682,69356,49769,49577,47237,56724,61368,94727,66003,93167,98533,51778,73194,48021,46162,87793,63587,63241,95791,37115,50826,44213,39032,93149,31242,86498,43286,40114,31489,39170,111370,105773,,27385,49998,75604,130715,58142,68015,84790,,84427,55331,77373,,66468,92304,
Sep-97,95043,54798,63013,58856,68181,49883,49757,47625,57052,61707,94925,66125,93540,99115,51950,73511,48275,46343,87973,63812,63632,96333,37325,51229,44455,39187,93643,31392,86895,43430,40254,31606,39350,111842,106025,,27522,50215,75911,130198,58380,68378,84767,,84565,55689,77725,,66657,92136,
Oct-97,95453,54977,63152,59043,66211,50016,49955,48025,57343,61975,95117,66298,93940,99669,52255,73791,48529,46464,88150,64062,64002,96913,37634,51650,44691,39372,94014,31593,87144,43475,40404,31750,39457,112366,106280,,27685,50568,76180,129822,58641,68798,84878,,84689,56031,78229,,66649,92163,
Nov-97,95897,55131,63386,59263,64671,50183,50182,48412,57660,62245,95525,66492,94406,100193,52484,74115,48800,46578,88337,64292,64396,97502,37890,52112,44906,39544,94420,31784,87434,43481,40544,31906,39520,112592,106621,,27847,50906,76483,129642,58898,69176,85114,,84805,56348,78441,,66826,92532,
Dec-97,96375,55284,63585,59477,63617,50362,50424,48748,57972,62499,96012,66685,94867,100776,52779,74475,49060,46687,88449,64494,64785,98044,38136,52519,45188,39725,94819,31951,87681,43422,40669,32044,39609,112855,106976,,28005,51290,76707,129614,59195,69537,85420,,85079,56909,78713,,66955,93181,
Jan-98,97281,55662,64009,60000,63334,50572,50703,49084,58494,62856,96410,66958,95684,101718,53028,74956,49468,46898,88714,64686,65235,98609,38354,52941,45386,40075,95470,32178,88538,43628,40853,32252,39649,113243,107564,,28073,51571,76781,129148,58758,69817,85831,,85360,57034,78828,,66471,94156,
Feb-98,98217,56017,64252,60418,63403,50726,50969,49461,58937,63149,96590,67177,96464,102629,53230,75366,49824,47107,88914,64931,65618,99092,38566,53207,45558,40424,95992,32384,89293,43876,41135,32390,39672,113847,108028,,28095,51795,76708,128469,58226,70119,86160,,85530,57029,79042,,66099,94880,
Mar-98,99102,56323,64502,60762,63393,50821,51192,49802,59312,63397,96601,67354,97172,103556,53560,75716,50138,47284,89145,65160,65912,99519,38773,53429,45720,40787,96354,32594,89957,44203,41337,32537,39688,114363,108291,,28101,51936,76594,128040,57629,70488,86396,,85539,57295,79268,,65932,95329,
Apr-98,99637,56318,64499,60731,63408,50827,51343,50108,59470,63574,96633,67394,97431,104149,54049,75934,50290,47413,89076,65364,66055,99823,38905,53650,45926,40990,96460,32694,89943,44385,41522,32589,39799,114604,108236,75093,28165,51835,76538,128056,57749,70892,86315,,85535,58253,79575,,66601,95272,76817
May-98,100161,56366,64533,60761,63461,50832,51488,50314,59708,63842,96695,67570,97741,104755,54322,76156,50472,47542,88976,65460,66299,100228,39050,54038,46351,41210,96641,32827,90066,44579,41618,32714,39949,114695,108164,74890,28287,51864,76510,128501,57923,71260,86231,,85457,59216,79464,,67163,95535,77050
Jun-98,100769,56447,64568,60790,63586,50842,51655,50559,60020,64164,96819,67778,98118,105490,54252,76398,50676,47690,88871,65540,66559,100714,39214,54430,46810,41421,96879,32962,90274,44770,41779,32893,40114,114759,108451,74770,28428,52103,76425,128773,58177,71623,86260,,85524,60137,79376,,67833,95985,77207
Jul-98,101455,56619,64580,60878,63944,50864,51862,50850,60373,64505,97021,68007,98630,106294,53986,76754,50872,47869,88822,65691,66973,101428,39409,54816,47341,41592,97187,33117,90621,44980,41996,33098,40223,114818,108756,74437,28591,52535,76351,129099,58468,72123,86419,,85581,60786,79257,,68524,96375,77454
Aug-98,102180,56783,64744,61019,64587,51020,52090,51206,60715,64770,97238,68202,99205,107131,53967,77191,51104,48065,88906,65949,67416,102232,39620,55146,47683,41778,97550,33284,91031,45195,42228,33303,40319,114900,109148,74301,28760,52919,76269,128744,58924,72733,86695,,85773,61404,79481,,69477,97342,77573
Sep-98,102942,56955,64973,61292,65511,51233,52342,51589,61032,65032,97555,68384,99990,107965,54155,77637,51358,48208,89103,66263,68053,103101,39843,55464,47945,41958,97908,33467,91498,45418,42454,33478,40428,115100,109349,74351,29054,53249,76422,128290,59409,73373,87016,,86092,61329,79677,,70211,98380,77576
Oct-98,103627,57061,65325,61639,66566,51515,52624,51989,61359,65319,97967,68581,100699,108777,54296,78049,51641,48346,89330,66527,68675,103863,40028,55770,48189,42174,98373,33682,91992,45594,42618,33655,40598,115314,109644,74619,29327,53565,76601,127539,59974,73944,87389,,86462,61293,79924,,70882,99816,77658
Nov-98,104222,57132,65540,61916,67539,51694,52906,52381,61708,65602,98479,68724,101366,109706,54455,78476,51885,48498,89539,66876,69265,104524,40162,56051,48416,42359,98744,33850,92593,45778,42804,33776,40799,115600,109955,74842,29550,53838,76916,127041,60355,74488,87717,,86967,61544,80440,,71175,100370,77800
Dec-98,104673,57181,65745,62115,68270,51826,53172,52794,62055,65858,99026,68911,101826,110487,54681,78910,52144,48689,89775,67226,69745,105204,40270,56292,48638,42541,99174,33971,93183,45975,43021,33875,40974,115833,110163,74950,29622,54007,77138,126498,60658,74986,88088,,87463,62018,80955,,71485,100818,77974
Jan-99,105366,57385,65864,62262,68664,51940,53413,53094,62352,66046,99477,69118,102120,111615,54924,79257,52300,48913,90136,67765,70271,105877,40415,56511,48820,42626,99379,34037,93764,46215,43210,33894,41130,116062,110170,74927,29626,54095,77354,126263,60868,75466,88411,,87970,62562,82324,,71931,101045,78051
Feb-99,106112,57715,66121,62450,68916,52053,53633,53482,62644,66261,99902,69365,102459,112800,55067,79552,52406,49151,90507,68232,70916,106724,40553,56806,49011,42734,99597,34140,94228,46485,43470,33926,41291,116183,110024,74890,29638,54157,77520,125957,61168,75933,88784,,88399,63545,83501,,72377,101443,78148
Mar-99,106897,58100,66397,62639,69084,52144,53837,53811,62947,66454,100305,69585,102788,114068,55116,79849,52452,49407,90764,68693,71623,107568,40709,57125,49186,42836,99685,34268,94688,46726,43693,33949,41479,116266,109850,74832,29594,54294,77672,125566,61579,76514,89063,,88713,64930,84785,,72687,102061,78445
Apr-99,107470,58451,66754,62806,69279,52222,53992,54213,63289,66684,100740,69818,103265,115104,55104,80182,52585,49588,90843,69000,72344,108508,40823,57516,49441,43044,99879,34425,95099,46960,44008,34030,41709,116257,109756,74842,29653,54495,77787,124900,62080,77188,89377,,88987,65793,85108,,72834,102890,78741
May-99,108084,58754,67092,62989,69420,52265,54104,54509,63632,66880,101244,70052,103567,116077,55160,80527,52767,49696,90888,69258,73036,109431,40969,57818,49657,43231,100044,34577,95531,47135,44111,34128,41891,116175,109853,74860,29673,54615,77756,124338,62573,77891,89808,,89295,65947,85329,,73220,104032,78991
Jun-99,108887,59100,67461,63301,69802,52326,54219,54879,64011,67072,101808,70397,104045,117174,55288,81002,53039,49797,90990,69495,73896,110670,41093,58106,49893,43431,100171,34747,95959,47323,43860,34248,42100,116056,110219,74780,29747,54645,77663,123635,63194,78661,90474,,89757,65744,85573,,73676,105112,79184
Jul-99,109888,59445,68006,63664,70319,52397,54349,55276,64437,67290,102515,70742,104451,118711,55499,81510,53320,49939,91272,69757,74708,111830,41213,58297,50077,43606,100320,34932,96562,47496,43637,34397,42272,115992,111072,74717,29825,54688,77481,122915,63869,79458,91281,,90341,65795,85444,,74241,106275,79458
Aug-99,110807,59803,68436,63996,70802,52513,54537,55719,64815,67491,103093,71064,104945,119948,55311,82054,53564,50262,91584,70009,75438,112817,41352,58495,50280,43780,100542,35067,97180,47720,43365,34529,42448,116242,111855,74746,29890,54875,77471,122556,64482,80118,91988,,90810,66451,85394,,74671,107465,79592
Sep-99,111662,60102,68886,64247,71173,52691,54750,56169,65195,67714,103660,71384,105441,121172,55146,82556,53744,50575,91990,70271,76052,113528,41513,58668,50487,43956,101144,35176,97894,47955,43415,34628,42569,116577,112612,74915,29985,55099,77442,122507,64853,80703,92640,,91228,67255,85105,,75141,108482,79649
Oct-99,112467,60457,69199,64497,71539,52887,54994,56569,65540,67916,104175,71730,106130,122056,54723,82994,53890,50753,92421,70625,76751,114278,41673,58881,50621,44142,101705,35295,98574,48264,43365,34706,42675,117015,113035,75159,30045,55360,77565,122746,65150,81226,93256,,91552,68164,85554,,75571,109341,79603
Nov-99,113450,60831,69593,64831,72052,53133,55257,57004,65933,68183,104982,72126,106928,123171,54475,83452,54110,50811,93024,71158,77671,115270,41880,59138,50821,44397,102363,35485,99361,48576,43529,34792,42794,117372,113610,75333,30204,55592,77758,123161,65646,82142,94229,,92099,69004,86076,,76109,110531,79832
Dec-99,114415,61203,69922,65155,72554,53390,55568,57433,66299,68458,105896,72541,107615,124463,53988,83839,54342,50909,93584,71756,78623,116293,42095,59450,51079,44629,102669,35695,100250,48741,43732,34922,42935,117845,114129,75514,30337,55821,78047,123782,66188,83150,95272,,92606,69649,86425,,76645,112136,80110
Jan-00,115432,61489,70217,65532,73097,53666,55926,57908,66655,68719,106780,73021,108247,125829,53818,84350,54588,51164,94122,72352,79468,117393,42290,59771,51437,44841,103079,35858,101229,48933,43935,35030,43126,118314,114745,75554,30501,55989,78414,125009,66765,84346,96453,,93209,70332,86308,,77255,114180,80536
Feb-00,116344,61671,70669,65879,73560,53955,56242,58315,67019,69006,107528,73529,108822,127241,53789,84783,54773,51410,94431,72730,80223,118414,42444,60119,51756,44960,103444,35967,102342,49140,44065,35153,43265,118665,115106,75598,30615,56187,78566,125686,67320,85364,97499,,93717,70393,85995,,77712,115703,80821
Mar-00,117340,61723,71210,66260,73967,54208,56485,58715,67397,69272,108117,73995,109318,128409,53865,85260,54914,51658,94690,73047,80840,119362,42558,60429,52005,45088,103896,36113,103334,49501,44156,35251,43396,118917,115402,75681,30727,56374,78692,126461,67907,86356,98536,,94176,70249,85965,,78232,117047,81049
Apr-00,118368,61730,71832,66593,74268,54434,56694,59072,67802,69568,108750,74360,109700,129367,53762,85682,55049,51914,94811,73146,81577,120428,42702,60801,52203,45219,104291,36257,104022,49751,44234,35379,43447,119145,115707,75842,30825,56612,78702,126620,68495,86993,99474,,94623,70055,85927,,78676,118075,81215
May-00,119525,61634,72352,66929,74528,54625,56939,59422,68192,69838,109293,74650,110021,130237,53748,86119,55181,52163,95045,73311,82273,121519,42857,61072,52416,45371,104590,36438,104363,49970,44484,35477,43507,120325,116091,76044,30907,56755,78902,127370,68920,87637,100343,,95038,70080,86018,,79153,119093,81453
Jun-00,120796,61596,72859,67273,74861,54790,57195,59757,68600,70148,109935,74935,110286,131172,53785,86463,55313,52430,95293,73491,83110,122778,43042,61365,52633,45524,104861,36587,104800,50131,44782,35571,43609,121334,116533,76187,31003,56907,79089,127984,69398,88281,100826,,95592,70262,86136,,79582,120171,81678
Jul-00,122275,61567,73238,67632,75287,54968,57426,60168,69026,70452,110639,75312,110668,132428,53983,86895,55477,52715,95709,73801,84051,124042,43201,61567,52850,45702,105097,36763,105449,50316,45077,35653,43760,122335,116911,76395,31105,57045,79310,128606,69856,89227,101365,,96138,70214,86364,,80010,121235,81894
Aug-00,123871,61713,73525,68004,75862,55152,57664,60593,69470,70738,111483,75788,111045,134114,54223,87364,55645,53099,96103,74189,85445,125449,43360,61872,53047,45917,105411,36903,106289,50470,45256,35792,43956,122540,117406,76405,31277,57241,79520,129322,70443,90233,101913,,96649,70053,86501,,80456,122273,82242
Sep-00,125504,61876,73795,68420,76471,55408,57926,61042,69921,71009,112440,76281,111488,136030,54486,87940,55843,53475,96594,74632,86789,126901,43518,62203,53296,46133,105775,37026,107135,50698,45378,35966,44105,122951,118046,76511,31488,57453,79746,130156,71040,91266,102717,,97120,70112,86525,,80928,123225,82707
Oct-00,126915,62052,74164,68873,77124,55679,58198,61498,70362,71274,113401,76753,111921,137926,54726,88434,56007,53900,97135,75104,88145,128284,43692,62535,53583,46333,106202,37175,108028,50974,45538,36161,44275,123416,118656,76543,31718,57664,80000,131106,71665,92467,103502,,97528,70255,86455,,81472,123407,83302
Nov-00,128320,62258,74669,69368,77801,56002,58495,62030,70860,71622,114332,77267,112429,139637,55079,88917,56247,54363,97733,75599,89213,129624,43887,62854,53920,46575,106689,37373,108875,51239,45753,36409,44456,123965,119354,76752,32027,57908,80315,131655,72336,93617,104384,,98159,70586,86600,,82061,123695,83585
Dec-00,129621,62505,75185,69857,78435,56330,58805,62553,71420,71977,115216,77842,112996,141341,55447,89389,56540,54754,98385,76072,90390,130898,44120,63106,54303,46858,107210,37615,109716,51500,46122,36686,44693,124522,119994,76919,32344,58123,80679,132221,73094,94802,105447,,98704,70900,86892,,82660,124068,83797
Jan-01,130849,62678,75682,70364,78929,56663,59115,62980,72015,72376,116023,78450,113606,142985,55774,89924,56901,55018,98955,76521,91333,132258,44379,63459,54722,47205,107815,37842,110591,51707,46478,36997,45029,125102,120723,77149,32690,58384,81172,132733,73850,95844,106546,,99400,71060,88432,,83188,125101,83877
Feb-01,132037,62658,76116,70859,79274,56935,59350,63317,72439,72610,116924,78949,114170,144566,55822,90411,57114,55200,99450,76922,92132,133459,44551,63738,55053,47467,108281,38051,111464,51921,46657,37147,45383,125411,121401,77457,32813,58555,81501,133069,74504,97071,107472,79188,99902,71148,90536,,83785,126020,84242
Mar-01,133433,62504,76548,71356,79580,57180,59553,63615,72778,72797,117723,79467,114594,146121,55865,90860,57268,55453,99794,77297,92916,134602,44686,64035,55316,47698,108708,38217,112284,52090,46797,37258,45740,125575,121914,77793,32919,58552,81867,133228,75070,98207,108434,79818,100397,71515,93300,,84391,127157,84635
Apr-01,135007,62385,76967,71822,79871,57404,59710,63910,73033,72898,118596,79926,114906,147512,55903,91231,57352,55765,100175,77628,93834,135623,44767,64240,55520,47877,108934,38355,113002,52257,46907,37316,46001,125603,122335,78119,32989,58485,82094,133455,75619,99353,109421,79637,100764,72032,95168,,85041,128551,85111
May-01,136542,62360,77394,72307,80224,57569,59851,64170,73375,73043,119401,80414,115103,148894,56031,91589,57488,56074,100536,77885,94705,136673,44882,64476,55712,48085,109178,38455,113646,52440,47118,37471,46272,125658,122836,78392,33168,58521,82336,134159,76329,100546,110473,79572,101134,72660,96719,,85589,129978,85480
Jun-01,137983,62381,77830,72816,80620,57733,59974,64369,73707,73187,120335,80850,115358,150409,56069,91944,57614,56396,101051,78150,95643,137656,45002,64725,55887,48313,109412,38565,114299,52641,47255,37623,46536,125757,123450,78786,33294,58725,82423,134873,77109,101761,111627,79286,101596,72768,97918,,86160,131413,85836
Jul-01,139538,62406,78298,73397,81106,57926,60132,64604,74063,73332,121385,81353,115610,152216,56111,92343,57728,56733,101682,78502,96646,138702,45153,64969,56071,48525,109762,38667,115072,52819,47388,37795,46754,125834,124200,79183,33392,58918,82608,135715,77972,103010,112954,79499,102099,72939,99043,,86792,132878,86202
Aug-01,141114,62481,78757,74014,81665,58197,60338,64904,74414,73525,122519,81866,115996,154302,56231,92811,57884,57060,102441,78904,97791,139795,45274,65166,56296,48709,110188,38804,116299,53034,47525,37933,46947,126045,125024,79596,33497,59065,82815,136432,78640,104060,114659,79733,102682,72898,99786,,87335,134665,86497
Sep-01,142627,62588,79227,74686,82313,58501,60558,65291,74775,73719,123773,82424,116409,156224,56363,93346,58045,57404,103250,79352,98966,140831,45424,65336,56542,48858,110648,38936,117632,53280,47687,38051,47078,126337,125895,79913,33643,59260,83056,137465,79236,105159,116412,79817,103291,73042,100105,,87832,136377,86811
Oct-01,143876,62733,79730,75375,83017,58807,60786,65649,75117,73938,125050,82977,116950,158266,56534,93871,58234,57758,103998,79787,100197,141727,45586,65523,56763,48993,111116,39092,119048,53552,47848,38126,47250,126687,126696,80209,33816,59489,83229,138417,79776,106202,118372,79821,103878,73213,100318,,88275,138021,87088
Nov-01,145022,62812,80305,76049,83717,59152,61014,65997,75448,74104,126277,83604,117480,160199,56658,94409,58378,58129,104790,80276,101329,142445,45729,65720,56951,49148,111587,39221,120141,53767,47989,38195,47425,126888,127391,80486,33950,59728,83355,139264,80513,107358,119994,80164,104528,73512,100729,,88968,139502,87527
Dec-01,146064,62886,80911,76698,84283,59480,61238,66310,75755,74276,127393,84198,118124,162059,56832,94881,58505,58492,105574,80746,102255,143013,45822,65928,57140,49308,112092,39343,121066,53937,48104,38264,47648,126982,128165,80631,34028,59945,83539,140007,81224,108551,121627,80587,105194,73564,101270,,89663,141056,88004
Jan-02,146970,62944,81487,77328,84732,59803,61447,66623,76046,74417,128417,84802,118681,163599,56881,95315,58632,58820,106405,81235,102964,143325,45862,66083,57262,49441,112648,39442,121900,54020,48226,38345,47865,127120,128888,80799,34078,60167,83692,140579,81904,109750,122863,81129,105921,73656,101767,,90380,142789,88535
Feb-02,147941,63062,82006,77884,85095,60097,61603,66900,76309,74542,129462,85395,119198,164946,56915,95669,58760,59144,107193,81675,103574,143615,45946,66147,57476,49557,113129,39570,122802,54101,48273,38433,48055,127154,129423,80913,34182,60321,83856,141246,82616,110932,124144,81426,106642,73799,102298,,91029,144461,88955
Mar-02,149120,63202,82441,78415,85478,60385,61744,67150,76525,74633,130477,85974,119540,166361,56861,96050,58860,59395,107941,82027,104140,143994,45990,66197,57727,49650,113502,39679,123730,54185,48290,38515,48215,127256,129878,81248,34322,60445,83953,141958,83412,111988,125332,81699,107273,74064,102842,,91736,145961,89346
Apr-02,150602,63376,82881,78919,85755,60658,61844,67326,76720,74677,131494,86556,119706,167715,56842,96399,58906,59644,108627,82249,104683,144415,46046,66230,58042,49764,113738,39780,124589,54366,48240,38602,48351,127228,130350,81421,34468,60521,84027,142753,84341,113066,126698,81913,107829,74348,103524,,92436,147475,89673
May-02,152317,63542,83308,79491,86029,60913,61953,67424,76952,74781,132548,87095,119796,169178,56859,96716,58981,59884,109453,82396,105380,144925,46117,66360,58552,49862,114072,39853,125495,54589,48317,38727,48214,127204,130955,81653,34549,60664,84207,143499,85108,113991,128400,82259,108264,74544,103850,,93044,149225,89027
Jun-02,154264,63787,83761,80099,86322,61168,62062,67520,77214,74899,133804,87755,119945,170804,56929,97087,59079,60202,110363,82603,106084,145398,46223,66470,58854,49978,114473,39930,126616,54812,48459,38876,48084,127132,131461,81590,34611,60838,84433,144365,85926,115072,130198,82592,108869,74755,104172,,93633,151063,88271
Jul-02,156747,64049,84226,80739,86798,61498,62207,67639,77489,75093,135293,88430,120291,172985,57032,97558,59199,60554,111491,82878,106930,146005,46328,66655,59214,50109,114965,40031,127921,54975,48694,39051,47952,127136,132028,81732,34679,61047,84645,145577,86741,116229,132308,83005,109613,74875,104357,,94206,152837,87567
Aug-02,159453,64375,84732,81452,87429,61942,62372,67855,77718,75242,137135,89172,120709,175290,57065,98177,59294,60893,112697,83272,107759,146461,46404,66820,59091,50260,115334,40138,129205,55081,48854,39190,47974,127102,132626,81904,34805,61280,84789,147105,87474,117568,134832,83280,110405,75071,104705,,94700,154591,87851
Sep-02,162162,64652,85287,82162,88111,62430,62550,68085,77966,75402,139238,89893,121196,177794,57096,98715,59414,61271,113962,83714,108674,147001,46495,66995,59151,50417,115777,40262,130337,55177,49046,39341,47948,126976,133215,82243,34979,61512,84959,149069,88173,118938,138043,83650,111087,75400,104948,,95129,156494,88401
Oct-02,164525,64909,85876,82913,88825,62932,62746,68406,78218,75529,141425,90656,121723,180524,57176,99240,59567,61645,115180,84263,109570,147495,46576,67172,59211,50582,116252,40423,131841,55329,49208,39517,47912,126717,133957,82561,35238,61770,85206,150876,88806,120436,140982,83933,111714,75189,105186,,95518,158438,88782
Nov-02,166807,65143,86518,83630,89427,63336,62971,68720,78483,75677,143474,91399,122280,183314,57321,99709,59727,62014,116358,84799,110471,147929,46667,67403,59488,50750,116882,40585,133463,55533,49370,39692,48305,126602,134859,82866,35419,61994,85492,152501,89546,121829,143382,84364,112420,74854,105527,,96060,160936,89127
Dec-02,168888,65343,87200,84424,90033,63746,63212,69057,78702,75824,145393,92108,122696,185850,57483,100242,59892,62301,117570,85319,111407,148095,46783,67647,59794,50893,117467,40747,135054,55748,49517,39868,48682,126548,135887,83081,35537,62239,85745,153680,90259,123252,145280,84693,113244,74748,105894,,96629,163610,89289
Jan-03,170738,65531,87868,85243,90492,64130,63457,69302,78932,76004,147098,92735,123168,187767,57542,100747,60042,62587,118698,85754,112252,148142,46917,67897,60054,51012,118088,40863,136392,55946,49625,39967,49091,126600,136903,83261,35569,62495,85989,155118,90936,124521,147146,85084,114196,75364,106180,,97199,166199,89615
Feb-03,172354,65634,88502,86058,90929,64514,63679,69559,79129,76149,148666,93385,123623,189604,57547,101241,60210,62889,119800,86165,112959,148182,47060,68143,60302,51141,118612,40995,137480,56133,49762,40079,49186,126646,137796,83437,35724,62743,86213,156806,91534,125831,149132,85558,115211,76226,106471,,97788,168285,89931
Mar-03,174283,65740,89158,86863,91227,64843,63852,69696,79325,76270,150061,94035,124200,191346,57542,101651,60346,63181,120805,86600,113566,148428,47180,68383,60433,51265,119097,41136,138591,56289,49870,40174,49044,126495,138594,83644,35898,62956,86317,158809,92043,127124,151126,86094,116200,76224,106767,,98408,169944,90210
Apr-03,176525,65775,89706,87670,91550,65173,63979,69868,79461,76337,151600,94769,124687,193101,57603,102086,60470,63456,121788,86958,114085,148615,47327,68578,60518,51391,119490,41275,139655,56437,50023,40312,48663,126420,139311,83812,36108,63104,86548,160661,92529,128209,153128,86652,117194,76113,107184,,99024,171683,90674
May-03,179143,65808,90205,88515,91775,65563,64080,70040,79597,76428,153229,95542,125269,194828,57659,102514,60595,63737,122829,87356,114751,148745,47449,68762,60578,51513,119929,41383,140882,56575,50146,40491,48429,126536,140274,84013,36262,63290,86762,162917,93343,129429,155601,87129,118177,75743,107730,,99650,173488,91322
Jun-03,181507,65885,90726,89351,92064,66051,64215,70250,79731,76526,155074,96393,125824,196551,57706,103007,60733,64068,124068,87765,115401,148832,47528,68955,60672,51638,120460,41470,142163,56744,50254,40667,48484,126884,141275,84227,36401,63475,87059,165190,94281,130563,158224,87644,119142,75866,108553,,100321,175579,92120
Jul-03,184345,65991,91326,90208,92431,66572,64391,70477,79911,76658,157087,97332,126503,198327,57788,103577,60855,64398,125469,88307,116257,149069,47630,69186,60801,51770,121110,41557,143572,56916,50332,40868,48895,127012,142619,84537,36540,63750,87272,167524,95406,131844,161152,88219,120116,76094,109766,,101133,177900,92733
Aug-03,187453,66210,92159,91128,93055,67101,64639,70755,80155,76832,159254,98350,127362,200263,57935,104279,60987,64790,126951,89009,117114,149323,47726,69423,61035,51917,121919,41662,144959,57133,50457,41060,49225,127010,144051,84894,36641,64038,87513,169751,96603,133177,163541,89006,121183,76490,110759,,102461,180267,93309
Sep-03,190814,66403,93089,92128,93852,67652,64914,71118,80444,77016,161299,99407,128345,202454,58142,105074,61130,65215,128590,89794,118124,149652,47857,69668,61320,52092,122799,41794,146541,57386,50616,41292,49556,127012,145879,85246,36795,64416,87832,172052,97875,134733,165947,89881,122433,77140,111759,,103975,182591,93775
Oct-03,193737,66612,94052,93170,94691,68195,65197,71544,80716,77203,163187,100523,129351,204741,58331,105792,61310,65675,130315,90666,119062,149930,47918,69938,61691,52285,123801,41945,147925,57688,50783,41516,49765,127161,147704,85682,36931,64778,88092,175169,99264,136453,168403,90872,123572,77923,112679,,105563,185127,94259
Nov-03,196384,66736,94766,94189,95390,68667,65439,71929,80975,77386,164851,101542,130235,206879,58477,106373,61496,66087,131980,91320,119971,150337,48002,70207,61985,52477,124674,42097,149538,57973,50905,41724,49871,127356,149958,86175,37146,65127,88309,178390,100193,137765,170982,91553,124598,78480,113427,,106254,187049,94781
Dec-03,198870,66854,95410,95146,95973,69107,65680,72306,81241,77614,166486,102515,131082,208699,58577,106890,61688,66489,133486,91882,120774,150647,48101,70475,62331,52671,125522,42253,151039,58198,51028,41912,50011,127585,152183,86745,37346,65445,88575,180973,101093,138850,173625,92193,125481,78762,114058,,106832,188846,95194
Jan-04,201493,67233,96066,96121,96505,69477,65899,72627,81522,77847,167991,103404,131978,210248,58674,107383,61897,66862,134883,92374,121429,150893,48220,70707,62637,52850,126186,42411,152496,58367,51183,42095,50096,127873,154815,87087,37569,65738,88845,183435,101795,139893,175766,92684,126505,78632,113968,,107305,191042,95552
Feb-04,204439,67899,96744,97070,97000,69958,66125,72886,81771,78054,169474,104452,132840,211759,58780,108023,62105,67155,136343,92960,122099,151077,48341,70934,62937,53007,126908,42584,153661,58503,51380,42318,50237,128264,157260,87491,37799,66047,89248,186243,102846,141169,178138,93354,127507,78900,114539,,108361,193279,95982
Mar-04,207911,68797,97242,98123,97417,70362,66317,73118,81992,78204,171071,105648,133738,213312,58922,108750,62301,67365,137696,93478,122703,151322,48459,71167,63197,53115,127726,42731,154773,58658,51545,42561,50441,128584,160902,87749,38079,66316,89641,189247,103922,142500,180180,94015,128404,79319,114969,,109413,195893,96538
Apr-04,211842,69480,97750,99217,97873,70778,66462,73257,82237,78350,172900,106989,134658,214965,59015,109595,62478,67494,139264,94018,123434,151638,48580,71400,63453,53186,128622,42849,156003,58840,51686,42824,50797,128852,164297,88123,38344,66577,90108,192519,105030,143789,182412,94784,129460,79883,115904,,110583,197811,97266
May-04,216545,69974,98311,100531,98360,71266,66592,73391,82519,78498,175139,108571,135854,216606,59149,110605,62648,67691,141020,94663,124167,152059,48740,71723,63691,53266,129731,42946,157471,58999,51860,43051,51072,128882,168917,88519,38565,66858,90601,195861,106540,145237,184919,95689,130662,80336,116670,,112158,200518,97905
Jun-04,221813,70264,99062,102027,98982,71895,66721,73506,82801,78717,177589,110388,137199,218247,59240,111714,62839,67957,143189,95451,125034,152533,48941,72079,63957,53386,130820,43034,159199,59199,52033,43278,51313,128982,173691,89124,38754,67183,91145,200486,108211,146727,188074,96654,132314,80903,117728,,113798,203727,98743
Jul-04,227583,70615,99813,103725,99658,72695,66894,73711,83085,78963,180232,112481,138616,220189,59419,113266,63059,68343,145573,96374,125912,153037,49214,72492,64241,53546,132127,43142,161087,59373,52293,43507,51421,129086,179153,89804,39050,67542,91754,205579,110077,148101,191496,97557,133943,81567,118757,,115258,207814,99560
Aug-04,233280,70992,100556,105626,100387,73473,67064,73958,83415,79225,183027,114688,139945,222289,59638,115052,63295,68700,148300,97146,126719,153504,49458,72838,64628,53730,133303,43290,162937,59603,52475,43764,51625,129225,183404,90327,39388,67844,92266,210373,110989,149371,194600,98137,135654,82142,119594,,116038,211544,100595
Sep-04,238714,71439,101295,107521,101091,74248,67251,74262,83795,79519,185767,116854,141248,224825,59845,116785,63549,69029,151147,97909,127557,153799,49689,73245,65029,53915,134565,43493,164812,59791,52758,44030,52362,129335,186390,90727,39770,67995,92776,214304,111787,150647,197201,98719,137136,82580,120504,,116813,216242,101585
Oct-04,243591,71841,102097,109312,101866,74897,67458,74596,84192,79829,188460,118721,142559,227203,60038,118532,63846,69354,153804,98678,128303,154150,49911,73680,65378,54149,135711,43748,166900,60027,52996,44295,53139,129469,188205,91167,40102,68137,93204,217989,112432,151996,200001,99234,139171,82980,121463,,117773,221933,102542
Nov-04,247545,72155,102972,110960,102719,75568,67696,74925,84555,80166,190903,120322,143990,229302,60188,120235,64148,69725,156292,99479,129026,154459,50198,74171,65770,54349,137040,43939,169140,60189,53218,44546,53910,129585,190042,91636,40450,68294,93730,221553,113778,153414,202566,100017,141666,83411,122470,,118923,227417,103418
Dec-04,251396,72418,103804,112670,103576,76239,67933,75246,84896,80506,193192,121894,145567,230916,60394,122365,64475,70115,158697,100252,129695,154892,50520,74615,66110,54566,138234,44113,171084,60398,53362,44801,54123,129670,192507,92117,40749,68600,94244,225582,115030,154873,205464,100806,144805,83736,123355,,120127,230947,104323
Jan-05,254762,72807,104576,114496,104253,76947,68206,75544,85187,80785,195215,123510,147105,232396,61237,124617,64789,70483,161098,100607,130484,155304,50777,75046,66113,54784,139401,44337,172525,60570,53466,45139,54446,129753,194963,92526,41135,68906,95017,228438,117066,156298,208061,102392,146908,84090,124147,95269,121263,232381,105177
Feb-05,258825,73133,105335,116390,104804,77392,68462,75777,85400,81074,196937,125019,148371,234220,62216,127363,65147,70775,163212,100878,131253,155575,50958,75448,65902,55011,140621,44554,173718,60818,53723,45503,54702,130105,199024,92913,41499,69157,95869,232265,118788,157622,210369,103943,148129,84575,124975,93861,122374,235489,105806
Mar-05,263022,73433,106006,118494,105263,77827,68683,75971,85573,81295,198648,126703,149826,236088,63208,130096,65497,71012,165221,101103,131803,155907,51076,75944,65618,55262,142094,44761,175107,60976,54000,45876,54909,130516,202888,93513,41817,69384,96879,236215,120451,159007,212059,105375,149149,85180,125706,93064,123508,239622,106283
Apr-05,268058,73576,106677,120924,105741,78328,68836,76117,85815,81594,200777,128641,151575,237851,63511,133424,65853,71244,167562,101612,132444,156266,51214,76415,65726,55482,143994,44875,176652,61204,54331,46195,55003,131046,208529,94182,42065,69568,97677,241668,121140,160493,214127,106203,150463,85893,126597,91984,125062,244815,106698
May-05,272677,73735,107325,123639,106213,79026,68938,76239,86179,81906,203292,130996,153649,239179,63759,137254,66211,71574,170369,102254,133119,156820,51367,76891,66027,55717,146010,45016,178353,61499,54600,46499,55193,131402,211747,94880,42382,69804,98585,247226,121895,161788,216113,106883,152878,86478,127700,92122,126371,248436,107301
Jun-05,277296,73905,107993,126609,106761,79833,69069,76299,86610,82324,206050,133328,156104,240125,64011,142208,66619,71952,173707,103007,133850,157370,51572,77378,66447,55922,148234,45158,180190,61935,55071,46799,55158,131860,214701,95535,42749,69996,99764,253329,122542,162809,217980,107625,154529,86990,128636,92767,127538,252021,107898
Jul-05,282103,74091,108753,129762,107405,80703,69204,76368,87033,82789,208853,135639,158814,240944,64340,147665,67088,72361,177418,103820,134437,157947,51797,77996,66959,56141,150614,45319,182163,62415,55428,47112,55195,132348,216610,96424,43135,70221,101226,259787,123381,163733,219504,108341,156094,87320,129665,93566,128623,256495,108743
Aug-05,287133,74342,109588,133028,108183,81645,69401,76547,87446,83307,211666,137738,161910,241809,64569,152862,67550,72774,181433,104612,134921,158498,52038,78635,67555,56335,153217,45492,184470,62827,55859,47393,55210,133054,219714,97464,43301,70417,103145,265912,123972,164734,221542,109472,157350,87789,130678,94199,129936,261833,109507
Sep-05,292028,74625,110555,136171,109110,82513,69604,76791,87878,83815,214323,139797,164811,243136,64785,158161,67997,73195,184741,105311,135578,158984,52279,79276,68148,56518,155997,45678,186835,63170,56199,47699,55512,133852,222243,98779,43536,70648,105016,271684,124660,165819,223735,110739,159185,88347,131906,94814,131441,266583,110408
Oct-05,296216,74856,111585,138975,110059,83279,69832,77043,88276,84340,216927,141508,167338,244651,64953,162448,68409,73610,187871,105906,136214,159477,52618,79864,68816,56662,158727,45874,189303,63401,56709,48011,55624,134762,223959,100044,43729,70863,108020,276170,125168,166935,225891,112030,161293,89018,133247,95219,132815,269912,111298
Nov-05,299092,75092,112538,141531,110950,83972,70060,77240,88676,84824,219338,143087,169664,245805,65109,166491,68827,73974,190129,106428,136912,159882,53052,80449,69465,56861,161239,46094,191461,63594,57099,48385,55629,135766,224999,101373,44075,71096,110506,280343,125768,168013,227374,112789,162957,89346,134496,95627,134035,272907,112167
Dec-05,301380,75264,113468,143853,111741,84617,70260,77447,89033,85283,221607,144324,171709,245951,65221,168829,69265,74314,192776,106855,137375,160186,53515,81056,70232,57061,163716,46313,193104,63731,57233,48724,55726,136794,225692,102590,44348,71276,112360,284567,126347,168964,228435,113509,164502,89549,135862,95977,135111,275767,113016
Jan-06,303045,75484,114213,146021,112396,85165,70425,77605,89408,85697,223265,145477,173581,245778,65250,169767,69643,74572,194705,107162,137671,160474,53936,81604,70992,57266,165814,46509,194264,63834,57344,48993,55882,137761,226586,103648,44603,71477,113200,289144,126857,169698,228604,114093,165959,89569,136949,96244,135950,278803,113724
Feb-06,304591,75711,114856,147966,112883,85573,70526,77723,89731,86071,224759,146647,175454,245323,65280,171864,70027,74770,196771,107420,137827,160561,54354,82282,71706,57411,167693,46735,194579,63945,57603,49219,56134,138801,226922,104674,44613,71670,114144,293745,126964,169832,229102,115185,167544,89869,137569,96911,136795,281121,114515
Mar-06,306452,75959,115363,150133,113268,85914,70584,77728,89991,86467,226113,147857,177414,245242,65228,174696,70376,74910,198710,107574,137834,160736,54795,82835,72372,57550,169583,46984,195602,64060,58101,49427,56260,139858,228738,105728,44549,71846,115458,296854,126891,169876,229778,116246,169103,90189,137996,97662,137932,283775,115332
Apr-06,308256,76209,115785,152574,113518,86291,70597,77645,90215,86870,227826,148941,179647,245001,65218,177897,70751,75033,200987,107662,137846,160888,55255,83473,72920,57697,171756,47193,196431,64187,58670,49645,56425,141132,230852,107063,44436,71991,117075,300453,126586,170059,231027,117342,170604,90558,138520,98492,138962,286043,116270
May-06,310219,76528,116215,154838,113763,86760,70599,77471,90445,87351,229497,149684,181866,244676,65257,179649,71109,75158,203174,107684,137791,161347,55691,84055,73333,57819,174276,47348,197743,64325,58985,49857,56524,142481,233050,108336,44607,72121,118589,302481,126655,170354,231346,118155,171966,90828,139436,98763,139966,287884,117334
Jun-06,311480,76868,116658,156679,113921,87332,70609,77254,90734,87829,231063,150291,183925,244173,65386,180485,71484,75341,205076,107706,137805,161712,56119,84752,73660,57933,176937,47474,198234,64495,59356,50064,56659,144385,233734,109614,44810,72251,120459,304940,126686,170568,231270,119025,172982,91115,140293,98952,140756,288676,118440
Jul-06,312382,77230,117080,157846,114178,87869,70642,77103,91069,88346,232149,150954,185954,243186,65557,180740,71884,75580,206913,107786,137728,161990,56520,85438,73954,58025,179375,47627,198859,64695,59553,50275,56829,146774,234048,110712,45009,72364,121706,306888,126873,170490,230490,119922,174073,91477,141250,99180,141670,288465,119683
Aug-06,312931,77583,117501,158723,114556,88349,70699,77001,91430,88875,232839,151570,187888,242178,65722,180586,72322,75852,208427,108010,137704,162296,56932,86053,74248,58147,181550,47791,199212,64897,59999,50466,57069,149325,234091,111894,45151,72411,122948,308688,127164,170611,229712,120850,175105,91707,142472,99400,142738,288604,120711
Sep-06,312619,78014,117843,159012,114973,88716,70748,76942,91776,89388,233255,151919,189694,240992,65941,179994,72735,76122,209568,108343,137645,162366,57297,86549,74514,58319,182991,47958,199609,65096,60377,50673,57253,151675,234021,113117,45404,72531,124073,310468,127599,170576,228631,121621,176189,91955,143798,99560,143761,288703,121703
Oct-06,311596,78515,118209,158934,115376,89046,70798,76851,92094,89854,233345,152064,191186,240110,66195,179961,73140,76426,210143,108743,137716,162316,57617,86938,74757,58481,184191,48168,199732,65305,60880,50824,57445,153719,233193,114316,45712,72698,124678,310633,128146,170293,227695,122413,177365,92062,145031,99668,144665,288334,122748
Nov-06,310187,78936,118482,158547,115751,89313,70809,76725,92347,90239,233113,152121,192214,238984,66372,179357,73455,76699,210447,109049,137701,162026,57833,87208,75074,58644,185234,48365,199752,65495,61243,50975,57621,155657,232006,115319,45903,72934,125718,311308,128455,169924,226305,123197,177813,92281,145936,100239,145540,287361,123827
Dec-06,308530,79296,118750,157874,116099,89563,70794,76537,92622,90605,232418,152238,192848,237758,66529,178693,73731,76926,210559,109252,137817,161933,58066,87433,75402,58754,186211,48552,199628,65655,61525,51102,57843,157431,231416,115970,45976,73090,126511,310961,128734,169485,225324,123985,178195,92534,146896,101024,146293,286355,124732
Jan-07,306992,79465,118933,157184,116427,89792,70771,76259,92869,90976,231446,152281,193333,236865,66604,177874,73916,77076,210606,109474,137866,161803,58227,87648,75722,58843,186847,48679,199833,65751,61772,51203,58025,159325,230612,116346,45961,73198,127567,311030,128940,169157,223871,124557,177766,92842,147616,101839,147033,286388,125374
Feb-07,305701,79528,119054,156504,116549,90016,70758,75959,93103,91286,230715,152446,194016,236316,66704,177415,74131,77173,210485,109582,137834,161562,58511,87867,76020,58915,187396,48774,199855,65856,61880,51288,58166,161161,230145,116713,46017,73236,127837,310714,128883,168576,222977,125061,177752,93146,148147,102290,147682,287535,125910
Mar-07,304303,79531,119129,155809,116488,90220,70655,75592,93292,91602,230457,152594,195076,236194,66711,177474,74366,77206,210552,109645,137511,161440,58787,88056,76299,58940,188126,48850,199935,65967,61962,51328,58271,163055,229383,117029,46083,73260,128046,310738,128609,168271,222191,125462,177714,93382,148389,102808,147958,288858,126662
Apr-07,302943,79725,119118,154994,116273,90342,70509,75221,93466,91901,230581,152870,196366,235633,66715,177728,74621,77174,210581,109526,137075,161574,59134,88174,76544,58927,189289,48924,199553,66111,62011,51399,58401,164711,228262,117710,46185,73268,128437,310886,128195,167786,221421,126035,178252,93652,148784,103305,148108,289961,127548
May-07,300561,79953,119195,153898,115962,90485,70318,74698,93591,92246,230569,152808,197380,234743,66664,177705,74839,77079,210763,109353,136487,162000,59278,88273,76662,58915,190376,49019,199218,66151,62221,51395,58514,166384,226772,118311,46276,73212,129012,310768,127884,167499,220977,126378,178930,93797,149364,103939,148246,290535,128502
Jun-07,298076,80229,119259,152527,115689,90603,70154,74210,93667,92601,230116,152612,198026,233591,66620,177016,75044,76997,210740,109182,135865,162336,59343,88352,76743,58915,191117,49145,198646,66170,62335,51406,58598,168388,224520,119247,46342,72956,129478,310833,127477,166990,219455,126747,179824,94007,149980,104359,148490,290756,129554
Jul-07,295175,80420,119409,150856,115451,90825,69966,73629,93692,92919,229410,152228,198397,232457,66558,175979,75202,76950,210781,108961,135126,162556,59334,88459,76809,58955,191562,49311,198220,66164,62416,51410,58661,170442,221982,119901,46393,72860,129891,310247,126984,166580,218805,126954,180298,94104,150579,104817,148578,291193,130200
Aug-07,292358,80729,119623,149077,115407,91019,69808,73257,93730,93231,228543,151991,198865,231538,66522,174645,75336,76987,210864,108925,134747,162555,59390,88584,76957,59009,191785,49448,197993,66255,62500,51498,58789,172506,219608,120482,46442,72847,130295,310293,127044,166345,217751,127439,180624,94394,151084,105130,148518,291723,130776
Sep-07,288959,81051,119851,147262,115347,91167,69732,72735,93694,93467,227731,151781,199156,230778,66487,172952,75367,76978,210763,108951,134459,162199,59437,88675,77113,59085,191971,49532,197980,66354,62653,51565,58903,174026,216906,120662,46525,72948,130677,309988,127319,166163,217160,128068,180664,94668,151694,105465,148811,292228,131134
Oct-07,284903,81338,120184,145309,115349,91297,69630,72260,93613,93639,226925,151536,198954,229860,66514,171381,75376,76943,210081,109103,134281,161617,59472,88661,77243,59191,191891,49613,197921,66480,62748,51633,59020,175286,214188,120857,46628,72769,130958,310133,127862,165981,216252,128733,180933,95061,152326,105667,149361,292630,131652
Nov-07,280346,81551,120472,143178,115295,91412,69449,71702,93408,93775,225945,151158,198269,228919,66631,169000,75273,76783,208628,109153,133834,160863,59453,88599,77392,59255,191482,49728,197484,66594,62745,51643,59036,176420,209644,120989,46728,72672,131219,309847,127940,165471,215728,129359,180743,95438,152787,106141,150027,292466,132034
Dec-07,275563,81703,120672,140904,115083,91492,69225,71299,93220,93871,224858,150500,197378,227794,66799,166847,75139,76627,207138,109206,133259,160036,59406,88518,77540,59297,190845,49837,196785,66718,62555,51656,59025,177505,205113,121214,46818,72601,131563,309508,128177,164805,215116,129957,180056,95818,153143,106659,150541,291751,132247
Jan-08,270607,81485,120819,138453,114710,91452,69030,70821,92876,93953,223745,149773,196348,226351,66893,164350,74873,76473,205892,109196,132563,159023,59312,88529,77679,59282,189757,49857,195103,66836,62409,51631,59001,178186,199260,121113,46902,72514,131971,308764,128313,164013,213809,130553,178711,96195,153290,107327,151448,291040,132308
Feb-08,264927,81143,120788,136146,113701,91430,68797,70100,92425,93971,222908,148974,195464,224718,66909,161218,74606,76395,204941,108939,131598,158078,59231,88518,77704,59264,188986,49900,193241,66836,62181,51639,58991,178266,193161,120978,46972,72229,132444,307771,128386,163359,211848,131032,177593,96524,153150,107737,151537,290110,132319
Mar-08,258106,80742,120766,133788,113310,91296,68582,69112,91830,93969,221671,148033,194601,222841,66829,157892,74364,76257,203810,108403,130549,157185,59127,88411,77664,59216,187983,49733,191151,66737,62030,51632,58991,177601,187167,120663,46997,71962,132416,307235,128235,162572,209938,130752,177169,96708,153145,107986,151460,289404,132371
Apr-08,250883,80598,120575,131577,112319,91166,68317,67920,91319,93908,220038,146952,193477,221146,66653,153931,74202,75940,202332,107691,129439,156463,59024,88266,77605,59068,187029,49648,189681,66597,61754,51629,58920,176493,182557,120335,46995,71762,132123,306792,127588,161836,208089,130390,177048,96775,153011,108063,150719,288117,132351
May-08,243779,80449,120361,129089,112094,90906,68078,66779,90857,93836,217934,145866,192010,219575,66492,151220,74081,75577,200351,107078,128421,155717,58957,88132,77646,58941,185620,49539,188605,66519,61407,51563,58892,175164,178793,119922,47018,71632,131182,307236,126800,160259,205860,130234,176601,96750,153156,108101,150358,287134,132174
Jun-08,237212,80300,120005,126709,111001,90648,67810,65669,90344,93673,216204,145056,190446,218278,66358,148068,73924,75221,198061,106693,127521,155094,58956,88003,77681,58827,184213,49661,187685,66463,61093,51455,58868,173778,173903,119351,47080,71505,130366,306855,125785,158575,203368,130560,175348,96767,153177,108256,149930,285756,131922
Jul-08,230565,80173,119560,124248,110545,90308,67573,64518,89744,93444,214650,144154,189024,216994,66253,144660,73711,74911,195578,106355,126623,154429,58964,87721,77761,58812,182921,49701,186616,66410,60763,51369,58845,172449,168708,118817,47180,71413,129494,303951,125059,156958,200560,130851,173924,96800,153335,108435,149395,283829,131803
Aug-08,224120,79948,119172,121680,109467,89924,67330,63267,89122,93189,213289,143042,187555,215706,66053,140269,73428,74611,193273,106050,125709,153878,58862,87359,77847,58826,181623,49725,185201,66388,60595,51238,58867,171014,163455,118159,47225,71333,128678,299992,124326,155734,197829,130745,172387,96911,153570,108691,149145,281158,131840
Sep-08,217939,79675,118806,119082,108887,89587,67084,62178,88501,92930,211604,141908,185980,214176,65852,136231,73128,74355,191117,105652,124782,153451,58752,87001,77939,58849,180181,49742,183518,66403,60399,51150,58856,169977,158179,117685,46820,71243,127858,296072,123866,154764,195209,130714,171177,97091,153593,108875,148883,279338,131838
Oct-08,212499,79382,118355,116374,107852,89314,66752,61401,87774,92690,209701,141045,184434,212591,65731,132844,72853,74173,189109,105125,123835,153076,58579,86673,77989,58870,178651,49830,182020,66396,60321,51019,58865,168956,153067,117023,46365,71091,126926,294224,123502,153678,192519,130614,169796,97323,153727,109034,148655,278549,131716
Nov-08,206801,79106,117811,113664,107033,89034,66455,60675,86761,92345,207482,140316,182689,210857,65613,130037,72561,73879,187397,104482,122894,152452,58497,86169,77873,58847,177089,49815,180583,66382,60233,50952,58726,167973,148520,116599,45946,70902,125949,292117,123270,153129,189600,130678,168758,97538,153728,109115,148390,277719,131681
Dec-08,201468,78850,117305,111056,105794,88653,66061,59723,85624,91934,205554,139533,180892,209080,65403,127165,72268,73547,185611,103870,122056,151706,58294,85690,77798,58807,175386,49764,179324,66343,60150,50853,58597,166726,145060,116246,45929,70680,124809,289897,122888,152257,186511,130646,167641,97659,153714,109016,148121,276011,131638
Jan-09,196274,78570,116864,108610,104420,88224,65654,58419,84537,91469,204001,138575,179369,207364,65204,124752,71984,73183,183711,102840,121154,150887,58110,85131,77762,58788,173836,49652,177912,66226,59980,50723,58378,165068,141177,115971,46094,70519,123700,287755,122723,152100,183280,130719,166687,97772,153442,109200,148206,275573,131666
Feb-09,192888,78436,116519,106468,103305,88006,65193,57131,83599,91123,202543,137662,177731,205637,65000,122599,71781,72897,181487,102206,120237,150422,57832,84663,77878,58777,172008,49418,176962,66072,59775,50520,58291,163650,137399,115476,46178,70429,122410,284941,122579,151633,180483,130586,165759,97798,153586,109457,148298,275510,131507
Mar-09,189972,78371,116200,104415,102141,87873,64800,55841,82663,90832,201022,136759,175984,204103,64855,120227,71548,72639,179155,101515,118929,150107,57553,84252,77940,58724,170208,49224,175723,65928,59641,50294,58240,162085,133373,114417,46237,70511,120938,282729,122255,151279,177665,130387,164778,97743,153795,109859,148307,275303,131186
Apr-09,187331,78375,115925,102353,101338,87791,64513,54840,81598,90506,199193,135970,173634,202712,64648,117712,71246,72337,176793,101327,117810,150029,57214,83843,78058,58627,168285,49067,174595,65844,59515,50084,58316,160983,129475,113734,46081,70533,119433,280518,121545,150031,175881,129917,163868,97534,154002,109864,148018,273384,130748
May-09,184684,78358,115619,100396,100265,87625,64280,53920,80534,90099,197392,135275,171705,201840,64473,114834,70841,71985,174649,100820,116916,149954,56888,83373,78053,58483,166629,49101,172942,65776,59394,49945,58319,159552,125083,113142,45926,70634,117955,278357,120005,148642,174238,129483,162661,97231,153750,109652,147749,270921,130500
Jun-09,182628,78296,115253,98577,99414,87501,64048,53119,79539,89643,195761,134662,170150,201089,64301,112586,70443,71575,173132,100391,116379,149858,56546,82784,78036,58364,164973,49167,171415,65698,59219,49860,58338,158295,120454,113651,45776,70641,116874,275281,118661,147470,172834,128890,161533,96920,153517,109262,147407,269277,130374
Jul-09,181265,78266,114927,97097,98732,87414,63777,52517,78686,89226,194409,134201,169144,200593,64092,110605,70094,71202,171669,99917,115957,149580,56241,82293,77939,58231,163395,49224,170040,65655,59094,49777,58339,157152,116024,113656,45628,70675,115722,272422,117393,146495,171488,128315,160643,96546,153259,108962,146858,267064,130251
Aug-09,180158,78156,114641,95700,98181,87280,63538,51950,77977,88751,193450,133751,168260,200309,63868,108797,69822,70945,170573,99618,115614,149384,55951,81927,77775,58128,162135,49272,169286,65622,58934,49621,58379,156145,112506,113722,45519,70687,114613,270310,116919,145763,170761,127645,160168,96212,152972,109135,146217,265064,129908
Sep-09,179202,78067,114451,94387,97408,87170,63335,51484,77318,88357,192732,133319,167564,200451,63676,107188,69596,70712,169191,99297,115224,149258,55704,81611,77626,58001,161288,49311,168720,65602,58774,49427,58383,155186,110066,113196,45100,70833,113431,267474,116507,145047,170734,127121,159858,95936,152686,109588,145692,262908,129514
Oct-09,178758,77950,114356,93258,96777,87134,63234,50861,76737,88046,192347,132902,167250,200777,63555,105631,69430,70566,168153,98998,114805,149313,55501,81306,77486,57951,160676,49342,168408,65574,58621,49243,58376,154372,108868,113273,44708,71041,112453,264409,116123,144502,171056,126951,159664,95771,152449,110010,145409,260855,129114
Nov-09,179400,78025,114344,92554,96215,87245,63102,50389,76200,87874,192093,132704,167090,201275,63522,105449,69273,70569,167303,98627,114460,149526,55339,81108,77498,57916,160089,49452,167737,65547,58466,49179,58339,153976,107943,113021,44276,71233,111660,261882,115746,144308,171377,126793,159360,95608,152558,110099,145179,260441,128613
Dec-09,180465,78095,114361,91925,96102,87375,63010,49942,75813,87684,192003,132659,166810,201862,63533,105556,69173,70675,166678,98353,114370,149785,55220,81017,77422,57965,159595,49534,167091,65523,58339,49176,58275,153705,106932,112720,44188,71474,111218,261606,115547,144276,171410,126621,159016,95631,152801,110139,145026,261364,128272
Jan-10,181351,78084,114345,91411,95722,87560,62888,49730,75377,87505,191821,132771,165962,202615,63521,105696,69103,70681,166350,98261,114303,150235,55200,80944,77592,57977,159065,49616,166177,65515,58226,49220,58238,153332,106447,112646,44206,71708,110504,262415,115425,144384,172118,126237,158738,95798,153146,110268,145018,263006,128024
Feb-10,181365,78028,114421,90896,95493,87745,62875,49389,75026,87277,191631,132865,165161,203472,63567,105043,69065,70530,165736,98348,114366,150560,55168,80802,77767,57988,158635,49611,165724,65525,58174,49235,58165,152930,105990,112856,44307,71875,110020,264575,115443,144177,172935,125987,158565,96070,153031,110326,145139,263350,127995
Mar-10,181969,78034,114541,90579,94853,87998,62809,49173,74725,87095,191232,132977,164564,204034,63562,104451,69070,70468,165247,98462,114583,150883,55016,80610,78056,58035,158412,49653,165719,65608,58130,49253,58199,152532,105597,113198,44489,71883,109297,265658,115573,143850,173915,125889,158349,96236,153017,110232,145393,263004,127967
Apr-10,182641,78163,114807,90314,94994,88238,62796,48998,74661,87010,190982,133170,164850,204732,63609,104277,69088,70514,164750,98547,114830,150916,54801,80510,78102,58102,158030,49729,166272,65701,58066,49273,58210,152356,104808,112856,44642,72083,108974,267520,115831,143415,173764,125783,158047,96405,153072,110179,145520,263354,128023
May-10,183540,78277,114997,89963,94674,88374,62744,48999,74602,86954,190575,133297,165165,204903,63571,103670,69130,70530,164719,98526,115055,150677,54582,80470,78197,58175,157385,49857,166561,65787,57986,49307,58265,152014,103800,112511,44788,72176,108548,268097,115999,143132,173270,125934,157923,96526,153477,110299,145569,265382,128292
Jun-10,183273,78259,115268,89459,94839,88395,62680,49043,74446,86840,190259,133245,164890,205031,63569,102928,69110,70361,164532,98317,114930,150231,54395,80358,78270,58142,156545,49881,166736,65773,57918,49296,58262,151296,103250,111881,44901,72133,107457,270069,115423,142851,173038,125810,157795,96596,153709,110608,145572,267030,128590
Jul-10,182762,78052,115409,88761,93899,88246,62465,48876,73972,86539,189572,132819,163685,204332,63494,101238,69030,70058,164052,97986,114648,149607,54135,80128,78252,58075,155598,49791,166243,65691,57788,49200,58178,150064,102469,111291,44985,71725,106100,270817,114664,142793,172967,125755,157424,96546,154075,111073,145670,267299,128653
Aug-10,181845,77750,115280,87895,93418,87964,62200,48614,73338,86178,188731,132267,162104,203627,63336,100109,68868,69668,162954,97342,113891,148953,53850,79833,78133,57986,154443,49682,165626,65582,57644,49098,57994,148484,101842,110706,45076,71284,104762,270937,113911,142860,172843,125366,156502,96500,154467,111543,145795,266790,128546
Sep-10,181050,77430,114955,86920,92550,87546,61887,48191,72519,85776,187459,131648,160647,202429,63055,98590,68642,69204,161591,96478,112997,148186,53604,79411,78048,57929,152988,49570,164618,65438,57435,48926,57748,147225,100871,110140,44905,70856,103499,270420,113606,143146,171822,125161,155482,96412,154634,112124,145775,264815,128323
Oct-10,179908,77128,114478,85861,91977,87066,61567,47815,71828,85413,186045,131106,159153,201436,62782,97644,68372,68739,160204,95656,112016,147500,53399,78951,77991,57870,151582,49419,163303,65269,57249,48776,57561,146065,100137,109187,44661,70472,102106,270080,113233,143050,170628,124780,154121,96403,154573,112442,145874,263273,128193
Nov-10,178911,76790,114115,84831,90914,86553,61196,47364,71031,85005,184685,130505,157668,200441,62478,96394,68064,68270,158622,94853,111178,146818,53103,78494,77888,57709,150417,49121,161687,65092,57071,48569,57360,144834,99749,108140,44368,70126,100689,271290,112801,142571,169315,124241,152785,96347,154206,112837,145915,260727,127902
Dec-10,178119,76494,113763,83860,89985,86054,60769,46944,70321,84606,183389,130055,156111,199959,62252,95226,67723,67819,157091,94198,110073,146109,52754,77979,77617,57503,149093,48875,160161,64909,56985,48381,57158,143359,99167,107221,44274,69913,99396,271623,112313,141941,168565,123589,151510,96287,154140,113115,146033,260293,127638
Jan-11,177281,76176,113592,82911,89062,85640,60395,46498,69562,84139,182438,129549,154761,199298,62004,93811,67318,67364,155694,93516,109006,145485,52390,77403,77246,57164,147811,48674,159370,64756,56947,48195,56948,142090,97992,107701,44228,69841,98343,271670,112580,141477,167539,122884,150294,96181,153821,113282,145920,259502,127538
Feb-11,176351,75851,113412,82063,88372,85317,60030,46125,69016,83725,181451,129039,153735,198393,61797,92526,67008,66950,154844,92837,107834,144918,52135,76758,76918,56847,146346,48600,158821,64575,56884,48072,56808,140961,96573,108294,44173,69810,97227,271386,112969,141429,167014,122213,149261,96110,153449,113394,145896,260030,127539
Mar-11,175228,75583,113273,81237,87807,85096,59781,45737,68410,83296,180437,128480,152528,197129,61599,91606,66714,66492,154393,92128,106978,144468,51958,76319,76637,56556,144867,48498,158081,64379,56836,47978,56618,140237,95263,108923,44052,69737,96438,271073,113378,141153,165886,121640,148137,96083,152741,113550,145796,259595,127555
Apr-11,174228,75367,112959,80504,87108,84784,59460,45314,67701,82845,179107,128087,151212,196077,61392,90462,66544,66025,153869,91388,106097,143953,51819,75876,76423,56383,143461,48411,157143,64183,56737,47893,56384,139412,94021,108379,43945,69479,95360,269994,113095,140784,164707,121356,147040,95918,152076,113912,145755,259347,127440
May-11,172723,75211,112650,79767,86609,84442,59164,44947,66796,82415,177568,127790,149253,195071,61191,89350,66340,65581,153076,90712,105321,143224,51705,75496,76240,56251,142309,48314,156215,63999,56706,47761,56242,138694,93091,107570,43902,69350,94454,268991,112836,140039,162972,121195,145727,95761,151741,113831,145478,258489,127273
Jun-11,171527,75016,112239,79170,85934,84016,58882,44608,65986,82039,176044,127536,147764,194342,61022,88103,66212,65208,152323,90184,104636,142625,51593,75117,76193,56125,141567,48241,155639,63891,56637,47688,56089,137763,91608,106723,43983,69232,93850,268282,112691,139436,161783,121048,144554,95758,151783,113427,145358,257980,126923
Jul-11,170664,74956,111967,78604,85643,83674,58724,44377,65363,81739,174504,127266,146400,193746,60958,87362,66079,64941,151403,89666,104068,142070,51493,74879,76153,56019,141011,48250,154787,63828,56691,47665,55988,137132,90601,106317,44029,69246,93825,268174,112609,138521,160603,120767,143781,95814,152113,113067,145265,257650,126758
Aug-11,169749,74903,111796,78209,85148,83392,58610,44307,65021,81450,173362,127011,145493,193205,60980,86940,65988,64666,150546,89344,103722,141871,51384,74645,76132,55933,140492,48302,153663,63824,56705,47679,55805,136903,89207,106153,44056,69269,93831,267436,112437,137994,159690,120769,142999,95924,152400,113092,145196,256722,126749
Sep-11,168769,74914,111680,77892,84722,83219,58473,44314,64850,81217,172422,126680,144476,192304,61012,86708,65874,64466,149438,89085,103375,141765,51259,74389,76053,55861,140084,48393,152506,63851,56704,47699,55651,136421,88676,106024,43971,69290,93793,266237,112215,137506,158548,120911,142007,95877,152470,113284,145158,256187,126873
Oct-11,167501,74846,111527,77723,83822,83023,58300,44319,64743,80910,171620,126286,143525,191081,61024,86729,65709,64211,148763,88825,102990,141753,51111,74130,76074,55803,139480,48284,151347,63879,56601,47718,55455,135927,88229,105864,43911,69372,93763,265027,112019,137370,157216,121150,140824,95946,152552,113404,145225,255218,126789
Nov-11,167060,74723,111266,77623,83214,82813,58113,44252,64598,80593,170533,125943,142558,189902,60964,86782,65533,64002,148210,88578,102501,141791,50908,73884,76039,55820,138732,48143,150488,63917,56532,47732,55256,135366,87946,105635,43870,69407,93804,263160,111816,136919,155418,121201,140012,95976,152545,113563,145537,254539,126801
Dec-11,166627,74570,111082,77556,82298,82576,57940,44172,64203,80296,169322,125778,141698,189128,60870,87487,65367,63772,147745,88188,101983,141850,50761,73835,75866,55837,137887,47987,149416,63938,56450,47716,55080,135451,87646,105434,43891,69399,93869,263006,111584,136469,154038,121236,139147,96021,152808,113679,145666,253332,126889
Jan-12,166515,74507,110892,77564,81809,82366,57714,44172,63915,80083,168415,125646,141100,188458,60716,87915,65311,63633,147178,87919,101622,142126,50782,73848,75745,55862,137371,47952,148488,63885,56393,47725,55009,135468,87644,105285,43917,69281,93915,263145,111506,136080,153267,121400,138323,96017,153135,113984,145683,253524,127377
Feb-12,166450,74617,110775,77628,80951,82194,57492,44146,63656,79944,167906,125699,140358,187662,60650,88602,65289,63534,146840,87545,101439,142430,50833,73978,75691,55894,137166,47979,147689,63841,56325,47756,55019,135761,87540,105204,43959,69118,94211,263814,111332,135938,152510,121520,137288,96102,153414,114360,145639,253285,127767
Mar-12,166783,74849,110679,77857,80831,82108,57353,44346,63832,79873,167762,125813,140171,187466,60632,89057,65338,63562,146828,87358,101671,142804,50921,73967,75852,55963,137418,48024,147160,63825,56265,47860,55149,136009,87489,104995,44017,69150,94710,264738,111273,135647,151683,121799,136930,96121,153812,114979,145522,254515,128187
Apr-12,167512,75076,110707,78189,80647,82103,57308,44495,64030,79928,167375,126019,140203,187757,60706,90547,65395,63672,146971,87221,102109,143298,50871,73983,76093,56054,137976,48161,146754,63893,56228,48010,55268,136643,87516,104776,44062,69287,95634,265867,111138,135453,150856,122059,136551,96129,154049,115581,145506,254633,128432
May-12,168468,75348,110825,78575,80751,82148,57262,44788,64301,79923,166830,126196,140918,188481,60783,92600,65447,63814,147157,87403,102633,144095,50883,73938,76314,56097,138655,48319,146231,64001,56215,48200,55419,137478,87899,104789,44077,69542,96598,266468,111118,135606,150336,122472,136714,96182,154540,116232,145396,255917,128947
Jun-12,169588,75586,110969,78973,80658,82170,57200,45062,64563,79863,166067,126306,141744,188794,60834,94792,65475,63867,147351,87556,103228,145135,50859,73840,76507,56073,139332,48444,145422,64099,56217,48362,55565,138307,88835,104862,44138,69720,97538,265289,111186,136059,150020,122804,136283,96320,154563,117050,145399,257735,129562
Jul-12,170949,75896,111153,79448,80343,82155,57151,45483,64886,79786,165345,126466,142670,188955,60859,96735,65536,63842,147586,87791,103805,146275,50879,73700,76519,56057,139851,48541,144631,64232,56246,48458,55655,138973,89842,105023,44222,69906,98643,265119,111328,136679,150023,123204,135911,96564,154648,117807,145308,260557,130074
Aug-12,172535,76116,111280,79990,80065,82111,57140,45837,65146,79796,164737,126545,143564,189026,60844,98652,65618,63803,147871,87773,104413,147177,50875,73567,76576,56034,140658,48621,144154,64338,56269,48532,55697,139659,91402,104994,44307,70025,100117,265016,111436,136922,150107,123738,134999,96826,154676,118524,145274,263512,130312
Sep-12,174298,76268,111352,80590,79708,82031,57150,46139,65269,79783,164479,126698,144365,189144,60851,100872,65713,63841,148084,87819,105066,148092,50902,73587,76581,56096,141517,48652,143825,64481,56221,48630,55624,140721,92852,105213,44313,70238,101509,266735,111492,137090,150109,124204,134415,97179,154814,119165,145238,266527,130567
Oct-12,176277,76368,111348,81232,79849,81959,57146,46466,65420,79780,164421,126957,145264,189631,60922,102871,65771,63787,148283,87671,105860,148902,50924,73654,76586,56149,142611,48588,143780,64675,56142,48712,55577,142014,94381,105218,44302,70335,102697,267756,111549,137239,150300,124743,133671,97527,155169,120035,145161,269869,131154
Nov-12,178463,76559,111408,81865,80014,81916,57122,46806,65760,79770,164557,127424,146299,190543,60905,104875,65793,63832,148538,87642,106684,149760,51002,73747,76490,56212,143280,48563,143758,64880,56089,48806,55559,143347,96009,105335,44298,70592,103443,269791,111865,137488,151052,125320,133149,97794,155549,121073,145110,273320,131782
Dec-12,181405,76815,111573,82616,80090,81942,57090,47115,66184,79766,164670,127811,147395,191793,60927,106146,65834,63882,148900,87457,107453,150572,51035,73773,76370,56221,144067,48617,144087,65080,56097,48905,55569,144672,97844,105025,44317,70864,104406,271138,112184,137773,152039,125951,132615,98052,155789,122136,145177,276436,132540
Jan-13,184483,77137,111710,83482,80277,82014,57095,47427,66756,79807,165158,128193,148242,192746,60873,107705,65911,64126,149460,87460,108184,151610,51122,73809,76330,56252,144942,48769,144579,65300,56115,49055,55532,145835,100087,104975,44372,71431,105534,272758,112518,137812,152572,126420,132315,98355,156131,123247,145422,276920,132993
Feb-13,187985,77487,111914,84485,80539,82125,57178,47872,67371,79898,165637,128535,149180,194246,60955,108698,66064,64297,150220,87205,108795,152821,51203,73873,76422,56307,146513,48880,144883,65538,56121,49190,55461,147122,102525,104931,44462,71913,106659,273650,112701,138095,153298,126760,132531,98735,156107,124419,145716,276459,133431
Mar-13,191762,77962,112108,85499,80896,82257,57269,48464,68069,80128,166206,129013,150403,195724,61000,110118,66263,64439,151330,87366,109457,154200,51362,74097,76672,56422,148203,49013,145351,65694,56173,49279,55568,148649,105517,105327,44617,72246,108111,275109,112842,138684,154060,127175,133146,99093,156445,125579,145958,276177,133732
Apr-13,195889,78516,112481,86533,81356,82469,57441,49103,68696,80389,166475,129449,151936,197281,61171,111355,66498,64506,152532,87729,110119,155384,51490,74281,76865,56508,150192,49189,146174,65792,56169,49344,55707,150680,108004,105600,44743,72439,109240,276677,112830,139551,155392,127648,133831,99375,156745,126604,145999,279237,134010
May-13,200196,79086,112885,87671,81768,82719,57648,49767,69370,80678,166885,129787,153577,198594,61320,112863,66695,64638,153772,88481,111203,156554,51564,74460,77016,56602,152149,49315,147359,65880,56163,49389,55867,152467,110824,106057,44848,72581,110575,276946,112805,140289,156522,128116,134294,99644,157425,127483,145881,284047,134406
Jun-13,204656,79625,113332,88784,82407,83023,57952,50442,70080,80959,167552,130043,154955,199782,61541,114744,66890,64814,154715,89061,112310,157602,51618,74658,77231,56700,153867,49432,148422,66027,56107,49447,55870,154409,113780,106548,44938,72792,111544,277111,112830,140906,157653,128684,134655,99951,158285,128391,145722,288095,134613
Jul-13,209112,80165,113659,90019,82879,83290,58242,51209,70779,81230,168381,130327,156351,201099,61712,116835,67043,64976,155605,89555,113479,158772,51648,74960,77510,56837,155324,49553,149037,66143,56059,49508,55909,156143,117229,106971,45062,72956,112691,277261,112773,141461,158434,129203,134971,100331,159166,129186,145544,291328,134831
Aug-13,213102,80657,113900,91266,83589,83451,58510,51985,71526,81493,169323,130648,157637,202318,61869,118524,67274,65062,156388,89987,114491,159995,51726,75345,77830,57007,156334,49717,149514,66239,56030,49581,55914,157766,120250,107677,45178,73134,113577,280831,112861,142033,159576,129823,135685,100725,160148,129931,145415,294149,134966
Sep-13,216853,81183,114055,92581,84159,83570,58677,52732,72272,81673,170042,131046,158920,203623,61957,119885,67534,65102,157230,90463,115403,161134,51796,75669,77973,57129,157403,49878,150011,66329,56008,49642,55939,159108,123015,107864,45320,73279,114347,284691,112814,142543,160624,130347,136476,101119,160917,130711,145232,296650,135144
Oct-13,220436,81733,114290,93781,84952,83631,58852,53364,73057,81880,170677,131313,159964,204832,62022,121020,67879,65240,158001,90819,116252,162187,51894,75927,78103,57258,158324,49878,150251,66410,56016,49685,55953,160189,125520,108260,45468,73418,114907,289485,112882,143026,161634,130892,137465,101455,161476,131485,145091,299173,135431
Nov-13,224156,82311,114502,94923,85261,83738,58998,53918,73758,82047,171300,131672,160686,205779,62131,121668,68221,65380,158904,91079,116906,163137,51994,76174,78218,57372,159739,49874,150428,66480,55987,49695,55978,161098,127726,108325,45636,73548,115322,293679,112850,143392,162094,131389,138020,101752,162050,132270,145046,301252,135767
Dec-13,227548,82818,114748,95991,85653,83781,59116,54493,74471,82312,171722,132026,161365,206428,62281,122812,68522,65549,159522,91199,117485,164202,52091,76388,78299,57481,161172,49852,150299,66593,56029,49660,56039,161470,129209,109142,45752,73691,115550,297911,112799,143814,162142,131812,138426,101997,162691,132949,145097,303459,136200
Jan-14,230800,83255,114971,96976,85854,83873,59078,55112,75079,82542,172262,132570,162115,207086,62413,124133,68802,65654,160105,91430,118192,165171,52162,76684,78509,57513,162597,49991,150151,66720,56072,49666,56046,161875,130570,109748,45784,73770,115630,299279,112728,144061,162574,132280,139128,102271,162927,133556,145242,305771,136692
Feb-14,233660,83735,115248,97876,86274,84033,59004,55663,75691,82824,172647,132955,163216,207733,62571,125920,69033,65760,160658,91827,119100,166216,52213,76942,78792,57609,163776,50171,150166,66904,56169,49750,56054,162278,131909,110241,45786,73972,116105,300075,112606,144423,162929,132761,139655,102513,163043,134229,145465,308589,137173
Mar-14,235513,84202,115576,98707,86575,84241,58952,56147,76237,83055,173497,133313,163973,209006,62767,126511,69217,65909,161110,92432,120280,167144,52276,77122,79204,57690,164686,50384,150050,67176,56265,49912,56027,163051,133054,110238,45808,74311,116783,299947,112630,144759,164246,133317,140248,102864,163152,134711,145581,312189,137728
Apr-14,236588,84696,115920,99367,86828,84418,59004,56564,76825,83267,174219,133543,164836,210364,63047,126519,69361,66159,161771,92853,121294,168121,52400,77167,79487,57863,165629,50562,150093,67504,56422,50070,56110,163487,133708,110249,45891,74861,117562,301193,112969,145346,165507,133821,140712,103190,163302,135363,145728,315088,138194
May-14,237304,85236,116229,99978,87219,84549,59132,57049,77336,83438,174868,133741,165478,211588,63303,126538,69537,66567,162039,93185,122074,169222,52551,77257,79493,58006,166256,50754,149896,67807,56590,50188,56248,163811,133966,110225,45989,75294,118120,302432,113528,145833,166872,134299,141752,103609,163427,135959,145711,316830,138784
Jun-14,238031,85850,116494,100444,87714,84721,59314,57597,77814,83544,175226,133903,166677,212228,63568,126852,69747,66958,162419,93512,122502,170376,52710,77397,79377,58217,167152,50913,150006,68018,56760,50265,56404,163976,134194,110009,46079,75589,118515,304609,113923,146334,167530,134812,142622,103898,163292,136760,145821,317443,139340
Jul-14,238610,86409,116674,100944,88074,84891,59508,58091,78252,83608,175427,134079,167652,212651,63829,126972,69952,67276,162446,93876,122705,171551,52824,77640,79282,58414,167930,51081,149870,68164,56940,50295,56586,163935,134856,109879,46172,75793,118707,306248,114066,146709,167335,135403,143130,104181,163652,137287,145837,318825,139942
Aug-14,238913,86922,116831,101289,88279,84980,59596,58457,78641,83649,175424,134165,168466,212933,64084,127167,70113,67466,162569,94011,122665,172459,52942,77843,79378,58526,168919,51221,149389,68232,57200,50337,56740,164103,135334,109567,46279,75940,118621,308179,113954,146966,166903,135969,143349,104429,164196,138327,145891,319714,140363
Sep-14,239515,87403,116920,101796,88474,84989,59664,58660,79018,83740,175222,134246,169005,212907,64292,127091,70252,67600,162566,93966,122505,173477,53014,78064,79507,58622,169875,51362,148800,68295,57437,50404,56901,164110,135366,109624,46439,76058,118489,309054,113881,147127,166540,136527,143567,104782,164777,139192,145854,319957,140822
Oct-14,240657,87946,117021,102505,88676,84970,59669,58852,79373,83862,174992,134370,169831,212822,64490,127400,70349,67725,162657,93910,122327,174700,53090,78238,79682,58697,170853,51563,148317,68358,57716,50508,57027,164631,136110,109613,46608,76134,118486,309635,113746,147400,166586,136896,143770,105168,165372,141030,145939,319592,141201
Nov-14,242420,88527,117148,103290,88892,85004,59764,59045,79761,84028,174779,134612,170799,213016,64703,128020,70433,67870,162885,94040,122308,176152,53185,78374,80042,58842,171806,51727,148099,68473,57980,50625,57169,165249,136852,110031,46754,76249,118715,310423,113584,147851,166984,137236,143759,105575,165849,141587,146081,320312,141725
Dec-14,244031,89139,117333,104106,89076,85086,59903,59243,80141,84196,174670,134849,171973,213931,64915,128873,70575,67992,163103,94248,122562,177841,53241,78493,80248,59009,172686,51886,147909,68604,58287,50730,57321,165847,138531,110337,46863,76525,119199,311203,113538,148291,167405,137645,143694,105924,166819,142242,146305,321358,142259
Jan-15,245747,89668,117473,104812,89247,85175,60123,59516,80476,84417,174846,134968,173260,215231,65029,129399,70811,68001,163174,94477,122951,179692,53327,78655,80421,59242,173675,52011,147901,68803,58595,50854,57489,166472,139607,110427,46935,76844,119782,312564,113750,148802,168223,137972,143946,106397,167540,142256,146579,320438,142861
Feb-15,247600,90227,117567,105599,89467,85302,60388,59869,80812,84697,175392,135210,174384,216362,65138,129810,71109,68067,163263,94807,123802,181740,53398,78905,80520,59433,174891,52226,148124,69000,58857,50972,57635,167110,140941,110407,47057,77319,120659,313247,114543,149265,168890,138444,144447,106931,168056,143150,147045,319842,143369
Mar-15,249603,90829,117652,106302,89909,85548,60655,60333,81192,85071,175767,135485,175788,217322,65209,130905,71422,68234,163730,95081,124746,183751,53569,79275,80852,59655,176385,52488,148647,69233,59070,51107,57851,168255,141861,110444,47191,77796,121442,314733,115498,149932,169486,138817,145052,107488,168278,144237,147537,319284,143751
Apr-15,251230,91553,117935,107006,90444,85923,60946,60751,81672,85426,176106,135810,177218,217887,65425,132118,71701,68604,164114,95626,125758,185641,53723,79654,81168,59872,177783,52753,149146,69484,59267,51242,58096,169686,142825,110869,47367,78346,122473,315808,116276,150763,169660,139478,145968,107976,168970,145562,147877,320614,144052
May-15,252629,92250,118324,107718,90946,86324,61266,61129,82218,85732,176256,136096,179001,218738,65612,133243,72040,68962,164541,96082,126385,187543,53837,79985,81451,60102,179174,52929,149703,69781,59459,51348,58410,171015,144147,111217,47509,78855,123244,317187,116630,151954,169992,140120,146427,108364,170164,146963,147946,321550,144475
Jun-15,253672,92944,118786,108445,91122,86575,61578,61475,82731,85979,176467,136258,180493,219336,65846,133861,72338,69295,164415,96477,126800,189276,53906,80284,81743,60295,180533,53081,149932,70049,59673,51469,58715,172118,145180,111562,47627,79300,124120,317558,116992,152927,170898,140839,147130,108856,171244,148132,147900,322718,144956
Jul-15,254036,93553,119179,109126,91246,86680,61847,61802,83151,86248,176497,136352,181839,220142,65931,134710,72640,69539,164297,96623,127104,191038,53968,80587,82036,60459,182000,53192,150052,70287,59863,51599,58942,173301,145659,111902,47727,79629,124766,318258,117459,153700,171981,141389,147436,109339,171727,148848,147778,324223,145550
Aug-15,254730,94038,119520,109878,91275,86737,62036,62086,83480,86533,176467,136418,183392,220760,66007,135492,72908,69737,163982,96684,127350,192769,54024,80867,82250,60657,183519,53291,149988,70488,60056,51742,59088,174769,146299,112320,47821,79922,125511,318281,117986,154001,172613,141924,148140,109902,171704,149153,147644,325555,146063
Sep-15,255912,94422,119793,110738,91303,86827,62183,62226,83795,86787,176394,136553,184826,221282,66077,136447,73231,69905,163948,96757,127587,194646,54115,81125,82486,60861,184923,53358,150044,70648,60187,51876,59148,176294,147413,112517,47979,80148,126122,318728,118182,154233,172585,142405,148494,110141,171568,149265,147360,327500,146453
Oct-15,258082,94906,119986,111685,91359,86940,62299,62324,84078,87024,176262,136730,186378,221880,66167,137042,73591,70079,163920,96880,127834,196512,54164,81420,82731,61024,186323,53291,149789,70783,60297,51996,59262,177489,148458,112393,48130,80372,126745,319876,118153,154293,172739,142994,148706,110398,171693,149487,147236,329571,146783
Nov-15,260157,95418,120102,112564,91423,87050,62440,62482,84450,87212,176191,136919,187906,222094,66307,137580,73999,70235,163778,97170,128306,198399,54220,81759,82940,61172,187729,53234,149336,70966,60359,52147,59368,178436,149014,112045,48272,80614,127363,321188,118159,154511,173338,143547,148785,110602,172088,150044,147205,331050,147086
Dec-15,262885,96015,120163,113557,91662,87134,62567,62798,84857,87379,176208,137164,189661,222386,66450,138247,74324,70489,164070,97519,128925,200220,54272,82090,83108,61314,189417,53237,149121,71154,60449,52279,59495,179395,149761,111989,48353,80814,128274,322118,118685,155112,174281,144124,148834,111062,172938,150654,147202,332113,147553
Jan-16,265413,96528,120218,114512,91997,87331,62746,63162,85336,87575,176297,137486,191288,222961,66598,139591,74659,70738,164433,97899,129843,201893,54376,82419,83174,61486,191255,53393,149281,71359,60569,52424,59607,180503,151054,112244,48460,81045,129425,323116,119213,155571,175877,144408,149112,111562,173663,151178,147261,332148,147905
Feb-16,267609,97061,120526,115567,92684,87678,62955,63572,85819,87872,176610,137619,193347,224507,66761,140737,75002,71061,165086,98324,130864,203725,54534,82735,83317,61739,192883,53618,149702,71571,60689,52580,59783,181687,152521,112704,48589,81255,130555,324561,119649,155876,178213,144619,149768,112039,174182,151671,147655,332876,148274
Mar-16,269040,97590,120977,116406,93366,88003,63282,63900,86358,88210,176987,137807,195227,225996,66904,141598,75400,71372,165538,98723,131971,205631,54710,83086,83404,62031,194489,53842,150090,71849,60839,52769,59954,182914,153349,113348,48732,81536,131665,326034,119971,156090,179891,144860,150516,112757,174097,152208,148363,333394,148544
Apr-16,270640,98196,121553,117347,93977,88332,63635,64445,86984,88613,177438,138108,197242,227741,67144,142324,75776,71745,166405,99305,132874,207746,54929,83425,83653,62400,196344,54080,150298,72127,60970,52952,60153,184215,154500,113892,48858,81868,132560,327202,120746,156770,181235,145411,151405,113469,173791,152607,148993,335048,148699
May-16,272138,98889,122083,118194,94370,88527,63957,65034,87533,89044,177757,138566,198807,229068,67432,143124,76083,72169,167362,99928,133515,209455,55108,83815,83936,62731,198474,54276,150564,72406,61116,53130,60393,185839,155433,114483,48974,82281,133712,328453,121347,157795,181938,145976,152114,114205,173649,152623,149239,336664,148848
Jun-16,273560,99533,122546,119152,94678,88841,64241,65702,87983,89512,177979,138928,200554,230352,67827,143798,76376,72597,167964,100663,134060,210984,55284,84175,84302,63086,200476,54437,150665,72649,61306,53311,60659,187393,156862,114931,49066,82720,134723,330246,121736,158723,182847,146389,153163,114671,173440,152639,149422,338340,148976
Jul-16,274100,100173,122936,120096,94932,89061,64492,66221,88306,89927,178081,139199,202352,230914,68228,144201,76722,72989,168335,101146,134654,212400,55395,84514,84626,63376,202396,54591,150806,72889,61502,53467,60880,188961,157924,115423,49156,83175,135777,332081,121704,159382,183476,146835,154103,115092,173629,152769,149579,339281,149078
Aug-16,274972,100612,123287,121012,95120,89281,64740,66598,88566,90327,178008,139421,203903,231270,68570,144831,77085,73296,168363,101650,135277,213832,55519,84898,84890,63631,204123,54731,150642,73093,61750,53586,61068,190073,158797,115588,49240,83603,136654,334419,121894,159916,184039,147408,154859,115547,173470,152936,149690,340005,148949
Sep-16,276001,101063,123596,121836,95256,89401,64965,66987,88773,90746,177915,139714,205372,232036,68852,145670,77505,73592,168927,102116,135751,215218,55629,85331,85157,63846,205755,54893,150320,73227,61945,53698,61187,191445,159743,115771,49334,84059,137706,336872,122326,160457,185545,147988,155233,116097,173698,153179,149713,340521,148700
Oct-16,278152,101528,123944,122658,95479,89559,65198,67391,89105,91179,177942,140035,206761,232941,69123,146778,77922,73920,169411,102626,136230,216631,55785,85795,85336,64075,207193,55055,150330,73356,62087,53830,61327,192706,160039,116206,49398,84511,138662,338882,122823,161132,186656,148483,155693,116663,173847,153514,149782,340783,148575
Nov-16,280410,102235,124298,123610,95818,89779,65467,67788,89588,91620,178119,140565,208609,234279,69348,147928,78413,74303,170203,103037,136780,218330,55982,86228,85489,64328,208549,55194,150789,73523,62197,53995,61446,194379,160829,116911,49421,84933,139608,340169,123408,161742,187615,148941,156191,117255,174247,153877,149974,343049,148641
Dec-16,282674,103050,124790,124644,96300,90140,65791,68180,90167,92090,178364,141182,210759,235397,69554,148797,78888,74627,170781,103487,137482,220229,56179,86617,85496,64593,210263,55360,151421,73798,62341,54164,61664,196028,160164,117637,49427,85383,140546,341502,123740,162304,187955,149567,156852,117858,174599,154272,150294,345684,148742
Jan-17,285020,103726,125224,125541,96912,90377,66150,68637,90636,92530,178907,141806,212917,236621,69667,149689,79268,74963,171551,104087,138312,222304,56321,86881,85614,64846,212048,55437,152084,74146,62568,54342,61908,197577,160563,117832,49422,85838,141270,343188,124248,162937,188411,150088,157573,118489,174727,154384,150507,349306,148791
Feb-17,287348,104400,125537,126402,97503,90670,66545,69184,91139,92993,179505,142420,215217,237493,69916,150735,79630,75367,172304,104810,139386,224498,56443,87220,85722,65126,214086,55586,152554,74510,62763,54524,62199,199121,161249,118001,49489,86436,142285,344726,124808,164066,189373,150620,158181,119135,174608,154498,150761,352545,148824
Mar-17,289607,104973,125843,127230,98163,91030,66973,69821,91695,93502,180445,142956,217570,238501,70248,151999,80143,75850,173119,105567,140691,226721,56604,87551,86076,65487,215940,55730,153201,74890,62948,54758,62520,201056,163638,118057,49575,87146,143241,346378,125509,165188,190624,151186,158467,119751,174337,154388,151118,354602,148788
Apr-17,291574,105666,126379,128298,98757,91615,67458,70516,92344,94088,181168,143565,220091,240175,70786,153094,80813,76368,174108,106392,142094,228654,56820,88100,86432,65918,217860,55999,154052,75271,63121,54983,62879,203299,165549,118535,49710,87945,144773,347849,126432,166374,193147,152038,158213,120347,174308,154133,151615,355309,148789
May-17,293472,106270,127100,129304,99216,92188,67928,71324,92934,94635,182145,143965,222398,242222,71305,154089,81464,76778,174836,107135,143307,230281,57017,88546,86806,66359,219489,56238,154974,75603,63315,55215,63164,205403,167418,119061,49833,88604,146126,350552,127413,167188,195614,152816,157973,121010,174676,154271,152324,354412,148742
Jun-17,295574,106842,127920,130266,99473,92626,68348,72045,93522,95098,182606,144348,224461,244402,71818,155101,82033,77160,175401,107849,144236,231689,57155,89013,87019,66750,220847,56438,155660,75893,63511,55403,63379,207306,169743,119604,49974,89123,147537,352550,128455,168224,198092,153617,158019,121666,175281,154659,153005,354292,148833
Jul-17,296351,107298,128591,131088,99597,92977,68685,72546,94147,95475,183075,144551,226452,246096,72214,156245,82579,77465,175339,108392,144881,232936,57294,89417,87194,67114,221938,56575,156236,76131,63675,55650,63528,209067,172465,120090,50133,89537,148797,354268,129365,169216,199696,154271,158223,122305,175841,155264,153521,355137,149016
Aug-17,297141,107642,129127,131983,99784,93271,69042,72935,94743,95867,183461,144842,228298,247164,72622,157051,83116,77796,175357,108886,145266,234119,57470,89813,87349,67437,223026,56716,156633,76347,63848,55877,63701,210926,174657,120531,50323,89945,149971,354551,130003,170170,200601,154894,158750,122839,176066,155300,154123,355586,149362
Sep-17,298157,107979,129581,132857,100025,93596,69401,73289,95482,96311,184059,145150,230011,248256,72981,158074,83617,78205,175505,109273,145592,235448,57708,90156,87551,67760,224136,56892,157016,76522,64009,56071,63901,212375,177326,120874,50576,90382,151201,355672,130398,170954,201139,155552,159287,123303,176504,155335,154831,356877,149841
Oct-17,300597,108411,129983,133791,100364,93944,69808,73654,96191,96864,184669,145568,231845,249020,73415,159037,84098,78642,176089,109614,145903,237061,57919,90465,87762,68026,225395,57113,157274,76681,64188,56224,64139,213737,180418,120928,50867,90874,152217,357360,130619,171819,201909,156258,159933,123683,176959,155373,155776,358560,150342
Nov-17,303418,108970,130481,134713,100745,94289,70157,74042,97014,97414,185363,146079,233806,250306,73812,160153,84604,79077,176894,110038,146564,238764,58088,90831,88022,68343,226802,57354,157855,76911,64385,56394,64433,215156,183985,121102,51153,91398,153360,359267,130878,172937,203869,157159,160410,124038,177218,155770,156562,360278,150839
Dec-17,306512,109599,130925,135737,101253,94696,70505,74461,97848,97990,186082,146567,236465,251547,74249,161086,85102,79480,177744,110714,147480,240849,58324,91244,88286,68650,228439,57606,158313,77221,64579,56609,64759,216989,186994,121264,51350,91941,154548,360593,131209,174113,205862,158000,160637,124335,177135,156019,157320,361859,151432
Jan-18,309756,110184,131493,136471,101838,95216,70742,75123,98620,98535,186872,147135,239141,253206,74509,162340,85510,79898,178286,111594,148631,242804,58552,91770,88724,69005,230232,57823,158616,77448,64800,56837,65068,218829,189273,121548,51519,92402,156100,362029,131872,175182,207870,158560,160952,124658,176614,156341,157988,361899,152011
Feb-18,313067,110806,132071,137291,102438,95815,71128,75901,99443,99175,187866,147599,242127,255162,74874,163827,86014,80340,179060,112529,149948,244848,58829,92369,89173,69368,232327,57935,158776,77656,65015,57112,65331,221097,192088,122009,51714,92901,157947,363829,132783,175922,209332,159154,161898,125050,176077,156387,158533,364167,152589
Mar-18,315768,111483,132729,138180,102929,96658,71628,76782,100177,99786,188969,148199,244851,256872,75313,165340,86537,80874,179919,113547,151378,246768,59095,93124,89460,69736,234479,58057,159316,77884,65223,57394,65583,223454,193996,122911,51907,93371,159946,365604,133833,176864,211303,159864,163366,125635,175600,156784,158977,363598,153042
Apr-18,317955,112231,133360,139310,103315,97418,72306,77627,101041,100388,190357,148705,247531,258382,75966,166665,87170,81487,181184,114566,152667,248959,59411,93777,89487,70109,236355,58178,160086,78245,65424,57677,65872,226129,196366,123953,52081,94010,162008,366493,134629,178044,212864,161050,164858,126288,175443,156917,159469,364666,153576
May-18,319767,112950,134002,140371,103625,98110,72945,78443,101851,100945,191308,149254,249689,259677,76591,167811,87743,82101,182121,115542,153574,250938,59741,94351,89369,70439,237835,58346,160810,78617,65647,57897,66200,228373,198381,124816,52183,94682,164265,366813,135430,179323,214096,162295,165687,127175,176005,157113,160032,365204,154073
Jun-18,321221,113608,134659,141224,103836,98471,73458,79192,102614,101498,191992,149655,251242,261196,77242,168749,88308,82600,182766,116220,154121,252473,60050,94802,89406,70772,239049,58432,161432,78825,65918,58090,66517,230201,201568,125281,52258,95333,166597,367264,136244,180490,214911,163540,166116,127942,176481,156806,160080,368203,154572
Jul-18,321612,114172,135395,141950,103912,98762,73914,79815,103340,102070,192228,150018,252357,262557,77895,169529,88839,83016,183151,116735,154476,253618,60371,95260,89438,71094,240203,58510,161706,79009,66181,58283,66685,232066,204376,125443,52305,95789,168709,368117,137114,181337,215627,164540,166418,128669,177156,156736,160389,370680,155025
Aug-18,321527,114690,136142,142597,103950,98980,74213,80310,103975,102581,192283,150283,253253,263350,78463,170365,89298,83402,183140,117094,154908,254645,60642,95710,89644,71368,241228,58589,161910,79174,66407,58455,66820,233785,207172,125735,52337,96173,170361,369373,137784,182272,216594,165141,166727,129279,177420,156690,160514,372187,155458
Sep-18,321444,115119,136833,143276,104059,99225,74476,80719,104619,103104,192467,150575,254311,263575,78903,171501,89759,83669,183246,117499,155270,255851,60883,96183,89748,71601,242048,58701,161776,79388,66629,58634,66924,235589,209031,126142,52463,96536,171886,370021,138265,182985,217101,165550,166973,129948,177495,156759,161017,373947,155954
Oct-18,322199,115605,137327,143982,104197,99455,74709,81030,105249,103571,192730,150952,255480,263597,79187,172440,90216,83947,183276,117865,155744,257298,61095,96601,89863,71768,242821,58872,161829,79572,66851,58775,67119,237352,210351,126989,52539,96919,173568,370338,138539,183608,217137,165986,167368,130675,177564,156680,161145,375688,156370
Nov-18,323167,116089,137756,144782,104367,99770,75030,81308,105912,104127,193023,151433,256806,263729,79550,173281,90669,84223,183731,118247,156226,258960,61355,97045,89764,71831,243822,59098,161862,79750,67112,58970,67385,239222,211147,127779,52665,97328,175457,369977,138810,183934,216883,166643,168195,131276,177760,156698,161228,377988,156766
Dec-18,323878,116696,138112,145699,104531,100124,75394,81684,106561,104677,193282,152070,258119,264476,79987,173949,91089,84657,184176,118680,156859,260419,61575,97505,89623,71957,245021,59334,162272,80016,67382,59197,67674,240985,212330,128658,52762,97811,177115,369762,139122,184479,216883,167427,169211,131866,178224,156933,161358,379367,157126
Jan-19,324658,117383,138563,146507,104765,100554,75805,82116,107161,105247,193552,152736,259740,265145,80528,175044,91548,85143,184957,119109,157650,261626,61806,97965,89535,72155,246447,59518,162259,80331,67623,59438,67943,242999,213542,129416,52931,98323,178922,370510,139200,185124,217188,168272,170438,132391,178645,157353,161699,380701,157660
Feb-19,325201,118096,139032,147104,105180,101030,76259,82649,107789,105798,194074,153592,261057,265511,80977,176166,92003,85693,185680,119867,158528,262994,62048,98430,89629,72538,247700,59749,162651,80713,67911,59688,68156,244910,214993,130010,53128,98782,180758,371912,139457,185838,217481,169125,171187,132898,179888,157882,162349,380803,158301
Mar-19,325873,118669,139650,147502,105641,101488,76771,83172,108520,106363,195000,154431,262330,265843,81432,177233,92534,86160,186225,120793,159425,264071,62330,98797,89814,72885,248750,59965,163166,81042,68198,59933,68396,246926,215457,130563,53331,99287,182901,373668,139690,186479,218787,169859,171876,133350,181547,158044,163137,383117,159255
Apr-19,326825,119138,140216,147926,106050,101924,77231,83755,109224,106991,196011,155220,263325,266745,81883,178001,93031,86573,186667,121829,160277,264896,62605,99203,89952,73319,249336,60165,164123,81330,68528,60217,68670,248281,216232,131232,53558,99850,184709,373783,140474,187298,220341,170717,172146,133807,183962,158174,163830,385345,160267
May-19,327644,119605,140815,148275,106271,102429,77723,84428,109808,107525,197082,155763,264596,268120,82418,178840,93518,86949,187085,122535,161096,265069,62878,99543,90095,73754,249742,60310,164828,81534,68791,60458,68945,249264,216634,132104,53767,100428,186262,373591,141204,188472,221648,171552,171980,134292,184877,158146,164708,387730,161445
Jun-19,328356,120081,141272,148646,106362,102911,78172,85042,110204,108006,197631,156173,265634,269316,82906,179730,93875,87285,187499,122999,161809,265290,63166,99901,90257,74205,250278,60529,165156,81794,69059,60686,69228,250194,216926,132975,53964,100915,187453,373338,142117,189546,222185,172526,171711,134695,185525,158368,165620,388558,162347
Jul-19,327989,120533,141600,149054,106347,103356,78634,85497,110612,108413,197959,156573,266555,269694,83341,180723,94154,87551,187590,123411,162369,265548,63462,100284,90443,74604,250653,60792,165174,82042,69282,60850,69476,251204,216297,133778,54146,101371,188722,373838,142809,190428,222905,173181,171351,135051,185436,158622,166393,388107,163269
Aug-19,327779,120973,141821,149359,106322,103685,78971,85681,111047,108818,197830,157101,267400,269756,83753,181983,94467,87683,187452,123814,162737,266100,63698,100630,90590,74972,251272,61073,164976,82292,69473,61041,69704,252491,215324,134428,54325,101825,190197,374337,143392,190767,223400,174017,171250,135349,186474,158931,166904,388711,164069
Sep-19,327857,121418,141982,149638,106241,103951,79305,85850,111523,109261,197610,157749,268446,269959,84180,183110,94871,87880,187233,124149,163190,266995,63905,100986,90688,75340,251565,61329,164903,82461,69603,61237,69861,253588,214672,135015,54525,102250,191787,374328,144051,191149,223803,174480,171150,135689,189678,159283,167290,389529,164994
Oct-19,329182,121584,142138,150036,106246,104244,79591,85955,111954,109746,197512,158430,269562,270378,84604,184125,95299,88105,187183,124577,163651,267810,64114,101331,90697,75659,252560,61597,164809,82640,69774,61474,70046,254283,215056,135312,54715,102634,193276,374450,144747,191582,224076,174940,170975,136038,191306,159576,167374,390909,165777
Nov-19,330608,121726,142384,150620,106263,104557,79800,86172,112208,110233,197577,158682,271210,270961,84923,185174,95775,88352,187360,124933,164110,268684,64408,101644,90849,75857,253442,62059,164970,82797,70001,61561,70150,255007,216290,135689,54681,102754,194442,373568,145697,192284,225314,175523,170902,136312,192789,159597,167411,391895,166221
Dec-19,332643,121836,142763,151269,106379,104949,80043,86344,112503,110683,198134,158897,273491,271889,85185,186745,96247,88618,187642,125511,164652,269820,64736,101975,91237,76082,254922,62472,165097,83016,70276,61659,70335,255854,217314,136212,54632,102843,195701,372810,146476,193084,226487,176492,171197,136721,192071,159664,167556,393044,166699
